Ticker,ROE (Return on Equity),ROA (Return on Assets),P/E Ratio (PER),Debt/Equity Ratio,Current Ratio,Quick Ratio,Revenue Growth (YoY),Earnings Growth (YoY),EPS Growth (Next 5 Years),σ (std),MDD,6개월 수익률,20일 이동평균선,60일 이동평균선,이평괴리율(20일),RSI(14),MACD,Signal
A,0.19881001,0.08354,34.19626,56.421,2.248,1.542,0.101,0.216,0.191,0.0198199974263193,-0.3479624472627756,0.2732867157745544,144.7120002746582,133.1366439819336,0.0113881387346281,52.13302126559741,3.119605398250428,3.607794720352028
AMD,0.05317,0.025980001,127.072914,6.366,2.308,1.176,0.356,0.603,0.612,0.0371500951692389,-0.4568373074464137,1.1694824623311364,244.76399841308597,195.27149963378903,-0.0032030964138105,52.73865377340879,12.174842199155194,16.3263616951318
MMM,0.72920996,0.07971,26.784344,281.904,1.842,1.027,0.035,-0.375,-0.392,0.0186789877640024,-0.1871454335701886,0.1229249090622024,162.75350036621094,157.62158966064453,0.0302082461616602,51.85719143747311,2.3628658781216245,2.455812764553927
AES,0.05106,0.02269,9.348684,302.896,0.723,0.376,0.019,0.253,0.268,0.0317043346886389,-0.2888948739899237,0.1622208350353586,14.148222875595092,13.553555742899578,0.0043664255995318,51.4574580669017,0.0754049212613043,0.1069413703771982
AOS,0.28209,0.13878,17.835579,12.063,1.544,0.894,0.044,0.146,0.099,0.0153822319841565,-0.2054521625948507,-0.0466347978143806,67.39033927917481,70.33400459289551,-0.0181085467632689,30.608175009182705,-1.252365331457824,-1.2566675074621796
ABT,0.3062,0.067930005,15.815327,25.31,1.703,1.088,0.069,0.0,-0.001,0.0134993003861829,-0.1327081443007626,-0.0157504700649089,126.71899909973143,130.4358117421468,-0.0065420317077359,43.46792603049704,-1.570508369350847,-1.7029942140375642
ADBE,0.52875,0.18094,20.489098,56.542,1.019,0.87,0.107,0.112,0.052,0.0213046551167582,-0.4087275766507415,-0.1724961973975892,340.9179992675781,349.257666015625,-0.0353985216092701,21.640337719782323,-5.06366141481368,-3.2332149202306377
ACN,0.25509,0.111829996,20.144152,25.38,1.42,1.301,0.073,-0.155,-0.161,0.0179190310375272,-0.4102144426810571,-0.2379838416807649,245.8819999694824,247.0728337605794,-0.0054172201213994,42.918269115709215,-0.1626615441797128,0.2488819620423482
ABNB,0.30776,0.07475,28.68735,26.458,1.392,0.845,0.097,0.038,0.004,0.0238894035305292,-0.3452483977184228,-0.1293010192605594,125.2129997253418,124.38366673787436,-0.0400358012993521,19.53359594997977,-0.6268944390486553,0.188872494797866
AKAM,0.10642,0.03785,25.548388,110.548,2.281,1.983,0.05,1.553,1.421,0.0263694833372036,-0.3319294798837672,0.1036230054749167,75.24749984741212,76.25783284505208,0.1577793670652863,71.32326383091099,1.085145260579651,-0.1094959431571076
ALGN,0.095769994,0.06323,26.78876,3.064,1.289,1.091,0.018,-0.497,-0.511,0.0336365524409485,-0.4807916388029257,-0.2740783685708368,134.58349838256837,134.34149958292645,0.027094683886171,53.846149354172056,1.0043853348929304,0.7430986803847075
GOOGL,0.3545,0.16275999,28.666008,11.424,1.747,1.563,0.159,0.353,0.33,0.0207020574643666,-0.2980586984940988,0.8222966869021666,267.30850143432616,244.8931427001953,0.0852629248486098,79.13848640090234,11.013704227802007,9.76550021851409
LNT,0.11461,0.027209999,20.666666,163.145,0.825,0.554,0.119,-0.052,-0.047,0.0112010665111675,-0.1097819801190617,0.1246091726078153,67.46356773376465,65.90818169911702,-0.0074643050494935,41.61549209378408,0.140673231778706,0.3147848408596528
ALL,0.34469002,0.05093,6.609076,29.43,0.426,0.288,0.038,2.222,2.148,0.0166547017847254,-0.1410695221428943,0.0164154533751315,195.6779998779297,202.40052134195963,0.041966902343859,73.03678737958492,-1.139384602095021,-2.610005296830654
ALLE,0.36411,0.10391,22.551352,116.084,1.771,1.014,0.107,0.095,0.082,0.0158644365026989,-0.162946644657505,0.1725307419966599,170.56700134277344,172.67083384195965,-0.0216161181877818,27.23329978058267,-2.3971495031631207,-2.062559813563505
GOOG,0.3545,0.16275999,28.68608,11.424,1.747,1.563,0.159,0.353,0.33,0.0204035414141984,-0.2935006055551589,0.8099280138498068,267.9254997253418,245.5048675537109,0.0845925327592291,79.82072470623152,10.990771226843322,9.746711690610388
AMZN,0.24327,0.07495,35.03526,43.405,1.009,0.76,0.134,0.364,0.382,0.0220479915279021,-0.30876638431876,0.17519042264616,230.2099998474121,227.81966654459637,0.0790147867648188,68.03940103874176,6.810453335166869,4.550058547018913
AMCR,0.07467,0.03543,28.1,134.68,1.042,0.52,0.713,-0.144,0.372,0.0159986866805431,-0.245284028703611,-0.0676984444231161,8.121500086784362,8.220333345731099,0.0379856202788723,59.35484208376095,0.0102616197207296,-0.0367837723545547
AXP,0.33935001,0.03708,24.706514,185.273,1.602,1.579,0.122,0.186,0.158,0.0196942155087918,-0.2875742635641056,0.2231005615245447,354.65150146484376,335.93800252278646,0.037300006804793,71.2987939806852,8.935171901218325,8.339563982774475
AEE,0.11387,0.02931,20.065384,155.736,0.93,0.461,0.248,0.382,0.404,0.0109423576437585,-0.0845090422057844,0.1224528538353788,103.79199981689452,101.93425229390462,0.0052797568402463,47.34917325113499,0.0397159257852166,0.1196270652420711
AEP,0.12923001,0.03209,17.970675,152.132,0.686,0.419,0.109,0.006,0.013,0.0122578945191347,-0.0958053356010699,0.2411658728416021,118.79549980163574,113.73283309936524,0.0316888919466137,65.53602843624233,1.925338637005652,1.8282134646207664
AIG,0.07688,0.017819999,13.834532,22.48,0.617,0.214,-0.041,0.323,0.131,0.0149833644497487,-0.1221630252761556,-0.0700629986726198,78.51800003051758,79.38869463602701,-0.0203520448935425,42.884996196457614,-0.6626446860557564,-0.417826207262461
AWK,0.10457,0.035520002,22.660809,140.983,0.421,0.31,0.097,0.081,0.083,0.015294305646935,-0.1612799599474063,-0.0310989928268726,136.04449920654298,138.7173329671224,-0.0522218598074345,25.733405086005902,-3.068109785120328,-2.378599824011431
AMP,0.59589,0.022219999,12.632012,54.222,2.433,1.554,0.073,0.866,0.785,0.0176177379965719,-0.2638996684062179,-0.1133753334487195,469.20899658203126,488.42833353678384,-0.0211185396299836,34.75221296416575,-8.3268361598046,-7.84507417186056
AMGN,0.8171,0.07706,25.012365,567.491,1.28,0.823,0.124,0.136,0.136,0.0180166713408499,-0.198802548495364,0.2171164425103442,300.4325012207031,290.61185760498046,0.0773135474591776,70.13589378226325,6.955491463697513,4.111590810959097
AME,0.14632,0.07488,31.23186,26.09,1.155,0.66,0.108,0.088,0.092,0.0141986305283964,-0.2304122961637054,0.1006976658576483,191.067000579834,187.5646489461263,0.0363380065941892,62.746117601249225,3.3922014879211417,2.599480469333632
APH,0.34807998,0.14032,47.95,63.99,2.07,1.409,0.534,1.021,1.061,0.022322471586099,-0.2457916429531421,0.682260614979052,134.04949951171875,123.07771530151368,0.0731111017012048,77.81601102097045,4.712744280542523,4.484736325183444
ADI,0.05652,0.03387,59.033077,25.541,2.324,1.686,0.246,0.316,0.322,0.0245475536467664,-0.3219746046802751,0.032195204476707,237.4529983520508,242.22285893758135,-0.0229645377817722,36.43572325275779,-2.676400765885802,-2.019558894846938
APO,0.16549,0.0144299995,24.425373,39.538,7.407,6.763,0.264,1.155,1.141,0.0265140635660391,-0.3897880697789065,-0.0910055671316749,126.36349868774414,131.62533315022787,0.0360586682746154,57.786878641371,0.2276830066915636,-1.0171345901183904
AON,0.3769,0.05587,27.5896,214.88,1.058,0.222,0.074,0.344,0.335,0.0137373033826379,-0.2000344104647338,-0.0266882768678116,341.7229995727539,356.5018330891927,0.0092092002831772,51.464608653439065,-3.4306787629359974,-5.007718391818028
AMAT,0.35634997,0.15884,28.086021,34.67,2.501,1.622,0.077,0.083,0.043,0.0287539262181647,-0.3491770241137826,0.3663764256255262,229.9115020751953,199.4099848429362,0.0224803879284341,56.44703356088619,7.080755719395597,8.244877549555081
AAPL,1.7142199,0.22964,36.11662,152.411,0.893,0.771,0.079,0.912,0.864,0.0205459600029421,-0.3336051616882118,0.2667814592703039,263.4444984436035,249.02799911499025,0.0227201337190159,64.26736226881363,5.328442901604717,5.630312094282688
APP,2.41886,0.36786997,76.71614,238.274,3.25,3.048,0.682,0.959,0.923,0.0508376222505874,-0.5699723736744688,0.7598486803106048,609.998501586914,581.4248326619467,0.0677403397382233,73.21226802060424,8.645575201769248,7.149782863834648
ACGL,0.17811,0.03899,8.415183,11.501,0.564,0.277,0.082,0.391,0.366,0.0157011249361427,-0.1590231981613716,-0.0388567472122328,87.46500053405762,89.78350016276042,0.0265820655950765,60.78433997041148,-0.3461950039447998,-0.7735313986310028
ADM,0.05242,0.0175,24.347826,40.467,1.372,0.369,0.022,4.891,5.0,0.0177915653991808,-0.2260531864189576,0.1256769943757802,60.76849994659424,61.20487435658773,-0.0784699301576472,23.32087387934304,-1.197074688676885,-0.5241988313908289
AJG,0.090670004,0.0222,40.1696,58.895,1.055,0.167,0.2,-0.252,-0.128,0.015692470413588,-0.3004255102665721,-0.2422477094683597,268.7070022583008,290.3509643554688,-0.0656737805542687,28.53631900258962,-13.054690448754968,-11.523742206399776
AIZ,0.15413,0.020539999,13.770402,38.316,0.41,0.146,0.089,1.027,0.985,0.0170830963358506,-0.2082970803496168,0.1254528706886428,213.5834999084473,213.9496925354004,0.0586491967182567,75.76781913565084,1.9567192208791084,0.3938164280913804
ATO,0.09057,0.03611,24.552486,67.241,1.373,1.089,0.196,0.075,0.126,0.0109575963039596,-0.0991877021562963,0.1693223394599148,175.50699996948242,170.0205396016439,0.0128370636940137,51.91693316693316,1.058417796257345,1.1498025448837654
ADP,0.70572996,0.06624,25.055225,154.917,1.054,0.266,0.071,0.064,0.059,0.012545817722742,-0.2199189631310742,-0.1672162180925227,271.2380012512207,286.92547073364256,-0.0633318473568777,11.581906071069753,-9.23613796420682,-7.603256606713555
ADSK,0.402,0.09272,62.10395,100.7,0.764,0.606,0.171,0.123,0.11,0.0184703267078307,-0.2565754520951327,0.0057573529472205,304.2279968261719,309.5678334554037,-0.0181048281648315,36.42614590929207,-3.746930562223781,-3.0247054578917014
AVB,0.09754,0.02813,21.581198,73.165,0.707,0.09,0.044,0.024,0.024,0.0141280698178553,-0.2436135298297633,-0.121138146058213,181.94049987792968,187.6428337097168,-0.0285285567612058,31.124894182891964,-3.396114735927739,-2.990147906311221
AVY,0.30211002,0.08288,19.703745,171.013,1.264,0.793,0.015,-0.053,-0.085,0.0154224242337433,-0.2273362335116939,-0.036527193789542,171.93149948120117,168.06475423177082,0.0096462652957365,62.51865573867611,2.396343799353758,2.7579476853238694
BKR,0.1689,0.057729997,16.827585,33.042,1.409,0.744,0.015,-0.208,-0.205,0.0224212470959961,-0.2800280912543043,0.29101571980842,46.88454113006592,46.571333503723146,0.0408547905306529,59.42521460413133,0.3251120694666909,0.2223139233948906
BALL,0.117469996,0.04535,18.058367,138.426,1.105,0.675,0.096,0.811,0.629,0.0165360833356637,-0.2820112773782605,-0.1141968018741649,48.37300033569336,49.67471625010173,-0.0405804989282998,33.77628362787782,-0.435451539533112,-0.4077930332427856
BDX,0.06544,0.03522,33.145985,75.545,1.113,0.438,0.083,0.252,0.233,0.0188397890475165,-0.3339422761318223,0.0478434060239056,183.5230010986328,187.82093200683596,-0.0102603036007044,34.468240951985734,-2.6524382898359136,-2.24844585689429
BIIB,0.09307,0.057490002,14.257298,36.194,2.716,1.766,0.028,0.192,0.201,0.0202120280066249,-0.3262419890903467,0.2687560073117301,149.43899993896486,144.8885004679362,0.0456440057191025,67.99281360492876,2.637926894370935,2.063876132909717
BBY,0.26722,0.06979,21.528925,150.074,1.038,0.297,0.016,-0.351,-0.361,0.0274132761939822,-0.3819799220007897,0.0879480747461611,80.91400032043457,76.55024477640788,-0.0341597101071472,34.19760617665662,0.7270653538228515,1.445044416060408
TECH,0.038,0.060900003,117.265305,20.067,4.217,2.275,-0.01,0.143,0.136,0.0274208047716816,-0.4058141015892235,0.116832112769333,61.65799980163574,57.27533327738444,-0.0680852562630764,29.338838198474647,0.037710739254976,1.0039839777559227
XYZ,0.14692001,0.0226,13.440645,36.049,2.183,1.257,0.023,0.644,0.627,0.0345016918139605,-0.5296198984978916,0.1483583488819795,75.03550033569336,75.88783340454101,-0.1097546794129662,30.70951152797008,-1.9543000192292368,-0.7271001209477801
BLK,0.120740004,0.033269998,27.866926,24.32,2.256,1.661,0.252,-0.226,-0.189,0.0171456243824977,-0.2374031775078924,0.1400382801935347,1119.1190002441406,1129.224277750651,-0.032605107547426,30.965211496559988,-19.84000226474859,-15.256520345191792
BX,0.26457,0.121190004,41.585014,65.942,0.934,0.876,-0.196,-0.214,-0.2,0.0242475136461699,-0.3916396636292397,-0.0143606371480713,151.54349899291992,164.52943674723306,-0.0477981304991547,17.601574413638545,-5.706040117949328,-5.616030203177753
BSX,0.12488,0.05756,53.96257,50.973,1.508,0.77,0.203,0.6,0.61,0.0147639118129762,-0.1552081682950448,-0.0198153797630359,100.00249977111817,100.89516677856446,0.0090748120603811,53.36443035471851,0.1525141587077172,0.1417873291791105
AVGO,0.27083,0.08895001,91.65985,166.032,1.497,1.279,0.164,1.881,1.727,0.0365812250884227,-0.411496794735489,0.5482706199121192,356.6769989013672,337.7831425984701,0.0048027087598771,57.30744071931027,4.660230072793752,6.466364524284198
BMY,0.33777002,0.0939,15.912457,274.414,1.266,1.106,0.028,0.809,0.818,0.017581629023225,-0.2991708536090967,0.0418847960596349,44.688500022888185,45.31915683746338,0.0575427301728178,67.98939756555752,0.5740109169245073,0.1848873197339165
BR,0.38215,0.09519,28.500639,132.063,0.927,0.798,0.117,1.059,1.073,0.013780266376184,-0.1819058677405132,-0.0524892589637345,226.5100006103516,239.5403216044108,-0.0147896204989418,34.36857163985873,-4.511386895612503,-4.500124880431258
BRO,0.10695,0.03938,23.79091,64.746,1.182,0.472,0.342,-0.161,-0.03,0.015754035828364,-0.3827463803406593,-0.277205339393016,84.08607063293456,90.82574221293132,-0.0663138193369221,23.804428550519347,-3.952246008187558,-3.494636056353162
BLDR,0.13555999,0.057589997,20.314991,117.723,1.786,1.083,-0.069,-0.549,-0.57,0.028475893010471,-0.4411998204753371,-0.1352879438679657,118.21849937438964,127.89899940490724,-0.094388795957033,23.505954470678372,-4.8268805814140165,-3.874855363338943
CHRW,0.34318,0.095790006,30.650507,80.904,1.585,1.516,-0.109,0.675,0.676,0.0235719666289134,-0.2326578788408605,0.5938466061285961,137.33450088500976,132.31604665120443,0.1047478983284641,75.24773337032433,6.0947123109241375,4.403403156159351
BG,0.09758,0.02592,10.70608,102.816,1.66,0.51,0.716,-0.46,-0.249,0.0204058287222678,-0.2435659370040036,0.1667306786973079,94.84800033569336,86.41450017293295,0.0023405802794486,51.72762431110574,2.384349221767621,2.9084074513655067
CDNS,0.21736,0.11089,84.99742,47.685,3.048,2.685,0.101,0.207,0.206,0.0247462710021841,-0.286251330219012,0.0322600849217251,332.99000091552733,344.71366729736326,-0.0121625227874289,46.28683417085427,-3.9858571369092033,-3.264816048091335
CCL,0.25733998,0.05284,13.860824,233.568,0.338,0.241,0.033,0.06,0.067,0.0292841667630485,-0.4233064079617246,0.1824977862929069,28.30049991607666,29.717333380381262,-0.0498401275811725,30.10334927144912,-0.7105313865029466,-0.537077178400046
CARR,0.0998,0.03812,35.83125,83.159,1.141,0.655,-0.068,0.005,-0.043,0.0212634420718835,-0.3038523425536928,-0.2267927721224844,57.71059818267823,60.46749464670817,-0.0065949126089248,41.85307098031033,-0.5422522257124811,-0.5864945711661876
CDW,0.43007,0.07037,18.117573,239.737,1.39,1.244,0.04,-0.056,-0.08,0.0203821798942875,-0.3059882744907144,-0.2430233884263216,152.33150100708008,159.07513427734375,-0.059222835650172,33.425263642812496,-3.69170808832672,-2.4254216016313945
CBOE,0.21621001,0.09729,27.894512,32.645,1.718,0.919,0.081,0.377,0.377,0.014032242592149,-0.1214033055238636,0.1791471134432838,242.40899963378905,240.61316655476887,0.0690197766581449,83.3893005678976,4.087156580624651,1.8563169180732253
CAT,0.46283,0.08206,29.304415,201.046,1.384,0.784,0.095,-0.036,-0.067,0.0197090636737113,-0.3279690061545037,0.6298498208530827,546.2459594726563,482.1571838378906,0.0450420102640829,64.2539490523103,21.938432376736387,22.53261934275259
CNP,0.09606,0.02901,24.98734,202.111,0.513,0.336,0.071,0.506,0.518,0.010727079742534,-0.0838612485503357,0.0896674925069498,39.36750011444092,38.63093433380127,0.0028576726352544,42.1203585595098,0.0295559917485732,0.0675595176771642
CBRE,0.14091,0.044299997,42.648876,104.121,1.127,0.883,0.135,0.658,0.613,0.018568011390953,-0.2255828270232285,0.1558313118574241,156.03000183105468,158.6583335876465,-0.0269179000878795,30.35166843239641,-1.8172496524331905,-1.233372032590499
CF,0.21967,0.095649995,10.018137,44.133,2.273,1.863,0.211,0.416,0.279,0.0209462527092748,-0.2915900918626105,-0.0444977991266898,84.41650047302247,86.20433298746745,-0.0185568223051604,48.53332668728975,-1.161872089953178,-0.947170189752686
SCHW,0.17046,0.01768,22.384075,99.789,0.59,0.59,0.266,0.775,0.675,0.0158063574703904,-0.1715764482221297,0.1116865023728308,94.32799911499023,94.40299962361654,0.0132728641316583,53.12106380331846,0.1585294127012986,0.0433395869771724
CMG,0.44958,0.13583,26.973452,154.574,1.542,1.415,0.075,0.022,-0.014,0.023847832603459,-0.5392987023110982,-0.3982231268707267,37.41149969100952,39.65133339564006,-0.1852772598271148,5.135940389295101,-2.803124934766572,-1.9126235957987212
CHTR,0.31327,0.05546,5.8361063,497.907,0.375,0.313,-0.009,-0.054,-0.112,0.0251243746276883,-0.507431253485682,-0.4881181269943352,239.6734992980957,258.1661669413249,-0.1219304697241748,20.0824855745734,-12.778942559381534,-10.402499901665209
CVX,0.07316,0.04047,21.860954,21.239,1.152,0.72,-0.014,-0.266,-0.211,0.0155152225861131,-0.2063972823393854,0.1190703907731538,154.23500061035156,155.64633407592774,0.0091742683601859,54.65000507355124,-0.0702100379866976,-0.1757183027583954
CI,0.15538,0.0395,11.423009,81.021,0.828,0.687,0.095,1.654,1.528,0.0218453402974969,-0.2741216559954765,-0.1363951399003433,284.31499938964845,293.49927978515626,-0.0919930210635638,29.742149137260256,-10.99657647816656,-7.623014078831063
CB,0.1364,0.029679999,12.050585,30.958,0.38,0.176,0.091,0.226,0.205,0.0127587341165779,-0.1176192781027558,0.0136325739458185,278.7254989624024,278.4078328450521,0.0341716171396375,73.07409352093289,1.8916585067232177,0.7540794741743135
CSCO,0.22059,0.06342,28.270588,63.282,0.998,0.802,0.076,0.186,0.179,0.0143404705109108,-0.1745781688182683,0.1809878673831182,71.2379997253418,68.78135375976562,0.0119598615322398,55.869731500186326,0.8815077354169745,1.0070003797846774
CTAS,0.42187,0.15977,41.166668,56.254,2.239,1.034,0.087,0.091,0.087,0.0159226848146433,-0.1987577769067755,-0.1363675682566276,187.52799911499025,198.54683252970375,-0.0121475146417649,24.547126300156805,-3.4967643691246053,-3.808669272229301
CINF,0.14529,0.04305,12.39017,5.732,1.118,0.929,0.122,0.367,0.368,0.015669250034237,-0.200259475755414,0.1331416706861929,156.61199951171875,155.9195821126302,0.0624983680387352,69.90943876554502,1.5092441852481215,0.2996958253545611
CMS,0.11233,0.03254,21.34294,191.634,0.899,0.425,0.16,0.092,0.095,0.0106755798842144,-0.0850653398999384,0.0856106811152435,73.4011360168457,72.06544329325358,0.0089761763577724,50.42120909788995,0.0851531326213006,0.1604092484372241
CLX,4.43646,0.114630006,16.43485,2230.435,0.759,0.389,-0.189,-0.187,-0.192,0.013994004005795,-0.3600819427719417,-0.2161446039710064,113.52900733947754,118.23978157043456,-0.0778567971764314,18.64331783462238,-3.4037381945694705,-2.566960869971594
CME,0.13346,0.01601,26.894276,13.372,1.021,0.021,-0.03,-0.004,-0.005,0.0116900082018443,-0.1013076237753016,0.0430126992574402,268.0399993896484,266.5060607910156,0.0344724645974063,63.52578000843639,1.6173764233337806,0.503203139306689
CTSH,0.14501001,0.101560004,16.870369,7.854,2.358,1.965,0.074,-0.521,-0.529,0.0164392970906185,-0.2696923771377447,-0.0958053627748308,69.85149993896485,69.5471669514974,0.0433562245205811,68.6988364989448,1.4220833633203682,0.9721389025593836
KO,0.42442,0.08959,23.350992,144.771,1.211,0.877,0.051,0.301,0.298,0.0110432663310634,-0.0981850649354054,0.0377910465792417,69.12300071716308,67.89359690348307,0.0202102905170384,45.79325699687215,0.5644004674568066,0.5035505515767609
COIN,0.26005,0.00736,27.502594,48.559,2.404,1.105,0.589,4.306,4.73,0.0475659792138807,-0.5591932851024981,0.2375632550769479,332.04749755859376,329.8965001424154,-0.04251652244517,44.89916450937421,-8.057305664334592,-4.050996708205973
CL,2.93635,0.15337,21.980392,680.048,0.93,0.505,0.019,0.011,-0.003,0.0130905352812375,-0.2168200521526058,-0.0957010097159286,77.62704429626464,80.11138979593913,0.0108590624837051,49.41542636917367,-0.4503798050078842,-0.7249268090149725
CMCSA,0.24186,0.051069997,4.5049834,101.462,0.882,0.689,-0.027,-0.042,-0.082,0.0173927852744019,-0.3642302840594117,-0.2049698654720957,28.62800006866455,30.965025901794437,-0.0526756750668646,26.904395803463387,-0.9349946205940682,-0.8701287931595973
CAG,0.096540004,0.046669997,9.59322,92.867,1.058,0.401,-0.058,-0.649,-0.648,0.0158528020919457,-0.3669823196128315,-0.2269957603946568,17.63868913650513,18.212431812286376,-0.0373434550136479,33.57158709902427,-0.3476895799969099,-0.2838618241053383
COP,0.15421,0.080979995,12.461865,36.169,1.323,0.999,0.14,-0.216,-0.162,0.0208466880132943,-0.2674861500605806,-0.0473084994178559,87.68750114440918,92.22000033060708,0.006186767845408,55.64515938190556,-1.1341592794990163,-1.298485962736546
CEG,0.19839,0.0388,41.296337,61.51,1.563,1.144,0.003,-0.223,-0.225,0.0391910341168989,-0.5070227772329307,0.2412830930959644,376.0895004272461,345.38558298746744,-0.0403082450699721,50.79529692499101,1.253837473741271,5.844244314789679
CPRT,0.18481001,0.118310004,26.044025,1.127,8.422,7.335,0.052,0.242,0.229,0.0166351962737066,-0.37374687583525,-0.3362718343882092,43.42049961090088,45.6111665725708,-0.0463030085214409,23.70011946880203,-1.1009823107436532,-0.8499837530993498
COO,0.050100002,0.03794,34.666668,29.67,2.116,0.908,0.057,-0.058,-0.061,0.0224340288797422,-0.3873118914262633,-0.1350293618771221,71.38849983215331,69.80066693623861,-0.0093642339175349,26.637570588529258,-0.107525178838074,0.194776189040792
ED,0.08839,0.03264,17.174826,110.373,1.075,0.694,0.107,0.124,0.17,0.0125037097083935,-0.1422666786905648,-0.006798638297741,99.4150001525879,98.99350026448568,-0.011819164985313,38.37535642559821,-0.635971037542717,-0.4383514560652836
CPAY,0.29097,0.06309,19.10809,197.201,1.134,0.72,0.139,0.003,0.006,0.0228389189294027,-0.3453985162604525,-0.2078237394448074,277.0529983520508,296.2098327636719,0.0145350826165676,45.54121008312748,-5.595535706754333,-7.029559239754178
COST,0.30686,0.08833,50.360836,34.066,1.034,0.498,0.081,0.11,0.109,0.0136196160289763,-0.1729471950500481,-0.0809830875673638,930.1262756347656,940.190591430664,-0.0156605382062033,40.54621554734912,-3.5472315289820244,-3.235625064729069
CTRA,0.118549995,0.06279,12.217592,27.957,1.025,0.887,0.349,0.235,0.278,0.0193424212761942,-0.2362024375366631,0.0851591198766259,24.09449977874756,23.926333236694337,0.0952706896586255,82.59021024557403,0.6828131991216182,0.3199676196673997
CSX,0.22589001,0.07007,22.805195,155.283,0.847,0.67,-0.009,-0.196,-0.224,0.0150848133629994,-0.2671834017952468,0.159359648931705,35.80949993133545,34.5791431427002,-0.0192546950047557,42.39401140413128,0.0557940868252373,0.2127200763078537
DHR,0.06843,0.040570002,43.540207,35.544,1.519,0.835,0.044,0.134,0.11,0.0207033606224241,-0.3020216870650245,0.077664407392064,213.9729995727539,204.57042821248373,-0.0130997902043969,30.50363930248355,1.8261798196446364,3.149656703880813
CMI,0.22767,0.079050004,25.082342,62.949,1.769,0.931,-0.016,-0.341,-0.337,0.0193402962532197,-0.3048133073295015,0.4632640430071402,431.6094985961914,418.4141535441081,0.1221717731264139,76.3896472776392,12.703227984434877,7.03995320295456
DRI,0.50411,0.07475,18.605574,361.727,0.397,0.13,0.104,0.261,0.244,0.0182982660298961,-0.2195024061078684,-0.1403865738715282,182.89350128173828,193.1715840657552,-0.0508684282308974,23.634277630071622,-3.847947114883766,-3.483619455075796
DVA,0.61618,0.07007,12.414255,953.093,1.363,1.234,0.048,-0.184,-0.3,0.019566747879469,-0.3304200963450318,-0.1653701782548365,124.77800102233888,130.2251661936442,-0.0369296095116044,31.80210751919985,-2.386421787109782,-2.1808182767451214
DDOG,0.03519,-0.00503,644.25806,37.199,3.663,3.551,0.284,-0.337,-0.345,0.03192035591946,-0.4841387302189901,0.7024977016212741,162.59375076293946,147.79325129191082,0.2283374993414935,82.59110775331683,9.136076070516111,5.350411734476832
DECK,0.43312,0.21533,11.863298,14.22,3.067,2.024,0.091,0.144,0.107,0.0342753489289278,-0.643494237380962,-0.382855381067542,89.81599960327148,103.671000289917,-0.1110715608515866,23.215935041957263,-6.36112895288835,-5.928223091679548
DAL,0.28514,0.04749,8.259521,117.299,0.398,0.262,0.064,0.102,0.114,0.031604913371953,-0.479185582080458,0.1123933631842988,59.29676609039306,59.166334597269696,-0.0124250404478873,40.8737881157335,-0.213629966085854,-0.1085772470698243
DXCM,0.30635,0.07017,30.466667,94.479,1.565,1.346,0.216,1.099,1.108,0.0288086369611609,-0.3957024776574328,-0.3479966739432095,64.90149993896485,70.44316698710124,-0.1550272304313315,19.053520300653545,-3.4474559834481866,-2.258718891804832
DVN,0.18586999,0.08022001,8.0,56.274,0.957,0.758,0.071,-0.162,-0.154,0.0262516033402344,-0.3113605406069482,0.0030976488710825,32.55749979019165,34.004860464731856,0.0418489867936398,66.14581022272938,-0.1778333336902093,-0.3947198781788006
FANG,0.10901,0.051009998,10.163624,35.66,0.623,0.431,0.42,0.1,0.545,0.0243817861573827,-0.3518724166287543,0.0042069649748144,142.0984992980957,142.3903335571289,0.0185188192869157,55.32976888705002,-0.2153641581054159,-0.292933702342215
DE,0.21399,0.03736,24.798225,266.767,2.229,2.003,-0.086,-0.245,-0.257,0.0180897301105743,-0.1862216423548748,-0.0421529285889106,465.3590026855469,468.9253733317057,0.0194065483009319,59.93997250127625,2.135727761796033,0.9693375575800688
DLR,0.05825,0.010650001,43.836792,79.248,1.304,1.275,0.111,0.603,0.325,0.0170234812725114,-0.2939948732935229,0.034946576252989,172.0050018310547,170.2720494588216,-0.0162494990694095,46.52099005809135,-0.9638243968437052,-0.4099218672870797
DG,0.15597999,0.03971,18.592592,213.026,1.253,0.204,0.051,0.094,0.1,0.0221315213931891,-0.17021730919426,0.1689388037066352,101.90550003051756,104.02159360249836,-0.0147734764481584,36.89070505192218,-1.11794479258198,-0.947528918132657
DLTR,0.20055,0.0529,20.598839,203.675,1.036,0.191,0.123,0.479,0.423,0.0269860129200549,-0.2741550165807138,0.2401120295284542,100.32550010681152,99.69683354695638,0.0594514934125992,65.17785050984139,2.2555761475197897,1.5289365182785923
D,0.09204,0.029790001,19.892157,154.315,0.845,0.361,0.149,0.062,0.077,0.0140809832424902,-0.1486928466653093,0.1580468105732928,60.37200012207031,60.14233303070069,0.0082488373551897,50.0,-0.0418037835548119,-0.1416958082028141
DASH,0.100430004,0.0312,103.07071,34.255,2.045,1.001,0.273,0.459,0.506,0.0270655787796793,-0.3026903757949468,0.0317492349969965,249.46850051879883,256.10933278401694,-0.1819408005153094,22.576962960082383,-13.79013777906897,-7.151263561940489
DOV,0.15883,0.069,23.709635,40.076,2.042,1.362,0.048,-0.126,-0.13,0.0171900384546812,-0.2659151178311111,-0.0132128406325652,175.15850143432618,173.34653600056967,0.0395727004216425,62.044190794606585,3.0339306136183666,2.517874745470635
DUK,0.09905,0.02854,19.328615,170.344,0.629,0.243,0.048,0.127,0.109,0.0106809175362311,-0.0993015455170134,0.1065751976789823,126.10750045776368,123.86666653951008,-0.0251967578538448,22.672049458258783,-0.3800610874580314,0.1474806934930248
DTE,0.11658,0.02826,20.859072,207.975,1.152,0.495,0.214,-0.124,-0.122,0.0108536116474571,-0.0867445387216286,0.0643394914202883,139.21149978637695,138.11295547485352,-0.000585403531242,40.162913318450606,-1.0306629619467742,-0.6638959034440686
DHI,0.14321,0.07882,12.495247,24.111,5.005,0.484,-0.032,-0.224,-0.295,0.0234493946856629,-0.3324904655017557,0.14709040165005,151.77200088500976,163.20983327229817,-0.0474527153809325,14.16921239119749,-4.703262987717324,-4.208954355365177
EBAY,0.42430001,0.0785,18.886917,151.155,0.925,0.841,0.095,0.054,-0.003,0.0236697160192373,-0.1951627150884769,0.2402637625048795,90.06500053405762,91.58488489786784,-0.0542386076712962,33.97645116913354,-2.502471807930448,-1.441408405208935
ETN,0.20653,0.080290005,38.03307,59.661,1.28,0.708,0.101,0.024,0.001,0.0228296273842388,-0.3446097312353172,0.1509460239142113,377.7009994506836,367.3216649373372,0.0049483794754406,53.29523052113599,2.300996389255431,2.8681943177134395
EA,0.13201,0.06273,58.717197,36.65,0.838,0.721,-0.092,-0.514,-0.534,0.0208434983350994,-0.3054454335064538,0.3543775888498768,200.4860000610352,186.562952931722,0.0045588910705533,60.391134192157175,2.560138703431789,3.383332059693591
EIX,0.15765001,0.03238,7.515072,204.02,0.82,0.404,0.106,0.636,0.612,0.0219744617641328,-0.4388252663249392,0.0528958504743493,56.627000427246095,55.02592207590739,0.012591161812603,44.29529857691288,0.4348751960582007,0.4234356546263877
EME,0.37088,0.12044,26.39043,12.915,1.192,1.111,0.164,0.133,0.093,0.0282355654647152,-0.3618911116620588,0.3905509153473432,690.4135040283203,654.1603586832682,-0.0493667733026821,45.57585027719307,-1.7533274928931633,7.272894511893422
EW,0.13492,0.07715,36.877193,6.862,4.004,2.982,0.147,-0.903,-0.905,0.0154892806934742,-0.1197007803431393,0.1136424083583402,79.29799995422363,78.29700012207032,0.0603041927865969,76.83088815326639,2.027852165515938,1.5803306631094929
ELV,0.12569,0.04242,12.384019,72.823,1.56,1.433,0.123,0.22,0.17,0.022381786811045,-0.3905966242550032,-0.182780841059999,333.79349822998046,325.8044143676758,-0.0899163692817185,14.55663827298126,-6.647436497734361,-2.553694446032249
EMR,0.09363,0.04795,32.255585,64.617,0.876,0.474,0.051,-0.354,-0.36,0.0186918759199376,-0.296148093889205,0.0789229368983912,132.98500213623046,132.33950131734213,-0.0225213113881692,45.46590702805357,0.1756846797174205,0.7338393455422604
EOG,0.18476999,0.09086,10.336566,26.835,1.624,1.29,-0.024,-0.085,-0.121,0.0177492982916743,-0.2368412566416369,-0.0700076991458236,106.21445426940916,112.68610852559408,0.0033474297623675,53.13608858407416,-1.4920567907458349,-1.8181999164663247
EPAM,0.10207,0.07743,27.804878,4.165,3.022,2.852,0.194,-0.194,-0.217,0.0261613246578103,-0.4686694527748949,-0.0240770473352307,158.30049896240234,159.2754992167155,0.1522389069652007,79.69563369895812,5.056243482125268,2.5443672101934323
ETR,0.11188,0.03134,23.91872,179.362,0.713,0.423,0.125,0.02,0.076,0.0134719118755732,-0.1010353377323962,0.2084970381459232,96.30750007629396,92.5316670735677,0.0083326899091127,57.72095147095147,0.8058493465140799,0.9411581690646472
EFX,0.13066,0.05905,39.474483,94.824,0.738,0.607,0.072,0.142,0.134,0.0231230250869777,-0.2692861807689705,-0.2342098206631537,220.27000045776367,238.71813252766927,-0.0519816275922714,22.3038880067009,-8.896728755285466,-8.106055122774576
EQIX,0.077,0.03196,76.04499,147.969,1.34,1.069,0.066,0.229,0.259,0.0172521486387282,-0.2447530752967934,-0.0358228585348632,825.3424987792969,797.7773824055989,0.0033773931521016,52.04920842453713,7.059826073194699,8.73429285385486
EQR,0.10444,0.02558,19.575657,76.237,0.165,0.085,0.046,1.009,1.015,0.0148170504541333,-0.2114783671522566,-0.1268943504592423,61.1670000076294,63.1130952835083,-0.0270897981900291,35.64612827909436,-1.0677883073493677,-0.9284286585184592
ERIE,0.30444,0.15170999,22.407587,2.353,1.669,1.551,0.067,0.144,0.144,0.020462773012197,-0.3766029259447955,-0.2210416319887551,307.2490036010742,322.9744705200195,-0.096400633919446,24.58931782860037,-10.865227488182825,-7.498638799423557
ESS,0.15987,0.030580001,19.78327,115.144,0.457,0.125,0.062,0.389,0.39,0.0157289757002206,-0.190726378466887,-0.0560086437173034,258.22350082397463,261.2079221089681,0.0074605644581628,47.86162885071555,-0.9753033635962538,-1.5057926077884964
EG,0.03595,0.00746,24.450148,23.337,0.408,0.287,-0.009,-0.484,-0.499,0.0162698841946636,-0.2071615249257552,-0.0451161430818423,332.5770004272461,340.6508321126302,-0.0119281100935643,36.671399950041234,-6.778351397242943,-6.667850900241903
EVRG,0.08454,0.02866,20.97808,142.45,0.516,0.105,-0.001,0.005,0.02,0.0103411682958854,-0.080126423219085,0.2055714741235996,77.49299964904785,74.68346710205078,-0.0119107526925494,40.51405508480116,0.1302535976751784,0.5143004510193918
EXC,0.10308,0.02853,16.293907,177.601,0.939,0.608,0.09,0.229,0.238,0.0118703735186038,-0.1011884161517305,0.0673680427998153,47.13050022125244,45.27466665903727,-0.0354441630990054,25.67053056356576,0.0003756891235084,0.328736463706329
EXPE,0.53886,0.05079,25.822737,250.289,0.744,0.619,0.087,0.454,0.402,0.0290626275703713,-0.3370290769239235,0.589350699688993,223.53649978637696,218.90939636230468,0.1990883314406137,72.98661148011712,6.423189862715674,2.1689847321080444
EXR,0.06786,0.033469997,29.194632,94.252,1.46,0.192,0.034,-0.142,-0.141,0.0166196493388104,-0.2508089938351167,-0.0926593279750134,142.63249740600585,141.76194432576497,-0.0850612421899231,17.650824068826594,-3.611984653610932,-1.9207468628160007
XOM,0.11424,0.05086,17.18314,15.672,1.137,0.759,-0.051,-0.083,-0.123,0.0146733416881446,-0.1731005827146668,0.1001192107511328,114.31300010681151,113.0478333791097,0.0341780996933068,68.60229644179793,0.8640657561047362,0.60590060034145
FFIV,0.20602,0.08299,20.404238,6.424,1.562,1.091,0.085,0.163,0.152,0.0201318486782028,-0.2983943967960855,-0.1499135157535152,278.09599990844725,308.3198361714681,-0.134219822105584,13.429270883404245,-20.662875755385983,-17.56838760373221
EXPD,0.36505002,0.13853,22.872965,24.549,1.794,1.58,-0.035,0.006,-0.032,0.0180908580412504,-0.1869070970519324,0.2263105787966792,123.82499923706057,122.0446664174398,0.1341813309648126,76.39379025297126,4.45757599337054,2.129179549732984
FDS,0.29132,0.111899994,17.047588,71.282,1.4,1.2,0.062,0.728,0.716,0.0169005205855266,-0.4833865853027057,-0.4096583407116393,276.7010009765625,313.39062652587893,-0.0419622791305166,28.12781329885037,-10.977058244246791,-10.938954713656548
FAST,0.32742,0.205,38.644855,13.283,4.259,1.964,0.117,0.115,0.125,0.0153072271853284,-0.186704833879482,0.0444233240661893,41.846158790588376,45.94190394083659,-0.0118567708675538,35.15820931531157,-1.2097520350169404,-1.3136506689244576
FRT,0.10516,0.03276,24.563452,138.76,0.369,0.352,0.06,-0.011,0.011,0.0149402469200321,-0.2738113126244359,0.0217551155826347,97.94399986267088,98.24812978108724,-0.0118843531508421,36.19046119695527,-0.5660007686338275,-0.3938344357279174
FSLR,0.16864,0.0756,20.924023,9.893,1.91,1.382,0.797,0.457,0.457,0.0395166771306776,-0.4210273263103663,0.4229645405185345,246.7835037231445,223.5701685587565,0.1047740652645091,70.2270551980178,13.010254319659566,10.573666506399432
FIS,0.011829999,0.04289,204.50002,94.272,0.532,0.394,0.057,0.22,0.179,0.0185406144998598,-0.2936477413218719,-0.1484617842115786,65.48299942016601,66.76915709177653,-0.0006566128482275,40.4399614786816,-0.758256884388544,-0.8281358231282941
FE,0.11192001,0.03247,20.056522,193.669,0.747,0.58,0.112,0.045,0.053,0.01284868374192,-0.1275861433036496,0.1414996916091058,46.0920446395874,44.62073923746745,0.0008234919675321,44.36787196454146,0.1332217720393202,0.2408029543532777
FI,0.1354,0.04773,9.860897,120.581,1.08,0.237,0.009,0.49,0.404,0.0373405682695061,-0.7408217216527027,-0.6659685903818819,97.36900005340576,120.87066618601482,-0.3447606609694359,8.358967449158328,-17.77720039019711,-14.087082314302547
F,0.10295,0.00833,11.247864,346.673,1.121,0.94,0.094,1.727,1.743,0.021139327737239,-0.2128081488577982,0.2727324041765571,12.59211859703064,11.948232793807984,0.0450981497676953,60.020325485351925,0.3374298804304079,0.3200991054118736
FTNT,2.28043,0.13884,33.86008,148.116,1.027,0.897,0.144,-0.114,-0.122,0.0262753948627829,-0.3507026308126184,-0.2167539610754911,84.36900024414062,82.48299992879232,-0.0247602965401836,42.69858954076517,-0.2605245465490924,0.1867038194712807
FTV,0.103649996,0.04829,20.208662,52.244,0.701,0.492,0.023,-0.742,-0.752,0.0163769062122032,-0.2539928839389168,-0.0729897051536098,49.84850006103515,48.9555435816447,0.0297200872284133,62.12835054623605,0.5485549407796242,0.4070910538523638
FOXA,0.17272,0.087299995,14.9505625,60.136,3.238,2.917,0.049,-0.258,-0.276,0.0188198868605875,-0.1821064944249524,0.2099300561521031,61.44500026702881,60.43218339284261,0.0827569125261548,80.46874883584671,1.7070353415614576,1.1096857817081218
FOX,0.17272,0.087299995,13.494383,60.136,3.238,2.917,0.049,-0.258,-0.276,0.0189012289138372,-0.1879771561959737,0.1815549714487987,55.16500034332275,54.568006896972655,0.0885525036406363,82.89927385036795,1.573472140585615,0.9676693395079736
IT,1.0925701,0.096920006,19.951134,512.089,0.878,0.747,0.027,-0.912,-0.915,0.0259051802569928,-0.5904675593934128,-0.4904390613563135,242.79299926757807,247.23400065104167,-0.0582924545626288,28.42319844071829,-5.327081376897468,-3.3950912516682576
GRMN,0.19655001,0.11185,24.997534,2.342,3.316,2.004,0.117,0.005,0.006,0.0223043302611816,-0.2797329072013543,0.0197720967674588,231.0249992370605,237.45553690592448,-0.1224759381147633,9.185539017292529,-11.742385115909144,-7.650145570663779
FCX,0.14538999,0.07699,28.636366,30.589,2.455,1.046,0.027,0.278,0.281,0.0304633614590205,-0.3406688895616121,0.0446522088997487,41.069999885559085,42.08498668670654,-0.0029218194047725,48.181815379469846,-0.396732442648954,-0.2925882293400642
GEHC,0.24450001,0.05455,15.213251,105.127,1.181,0.853,0.058,-0.041,-0.051,0.0225522272024512,-0.3715233807025532,-0.0038353365220518,75.29995651245117,74.89625142415365,-0.0241693785735008,39.84831637042487,-0.2170505347337723,0.1569396403511264
GEN,0.25027,0.06864,28.956043,356.98,0.505,0.391,0.253,-0.192,-0.168,0.0171595094370098,-0.255353044060354,-0.0869290501338146,26.49750022888184,28.29183346430461,-0.0055665570766308,37.01798351441716,-0.5354549283541772,-0.5595289306337591
GE,0.42131,0.049289998,41.759037,115.246,1.077,0.717,0.238,0.193,0.165,0.0192751180994714,-0.2136426430467992,0.4115771379369513,305.83300018310547,292.81446126302086,0.0199684215066538,54.90848670179754,3.327582654845628,3.7995117257318176
GIS,0.30866,0.06216,8.737241,151.352,0.658,0.346,-0.068,1.155,1.077,0.0144192313307387,-0.2824401455053228,-0.1191290030086723,47.45850028991699,48.6443941116333,-0.0260964645247544,35.51172443118212,-0.7109854915405265,-0.6197354591468006
GNRC,0.11969,0.057550002,29.950287,56.133,2.183,0.855,-0.05,-0.407,-0.418,0.0280751908105637,-0.4698845257414101,0.2136049469353089,177.5714988708496,178.78599955240887,-0.1178764588591154,23.9918832293468,-6.275748816941018,-2.99810705619209
GD,0.17782,0.05796,22.620712,40.419,1.4,0.783,0.106,0.158,0.139,0.0140575430719651,-0.2254728440702537,0.2923110116871321,341.7769973754883,331.56129964192706,0.0225673258238995,59.42586672419768,3.338042573747259,3.575719769009212
GM,0.04442,0.02014,13.559161,195.437,1.229,0.979,-0.003,-0.496,-0.566,0.0240840087457274,-0.2909598929871713,0.4161833607313991,65.98749980926513,60.906157938639325,0.0767191249422344,67.37253982092776,2.806432112850331,2.625501777750663
GILD,0.40706003,0.12571,18.289474,116.243,1.453,1.114,0.03,1.43,1.436,0.0175178593220194,-0.1688087506465863,0.1812602880579961,120.54350051879882,116.13914591471354,-0.0198558942010038,33.824339212778426,1.1052196763259587,1.479709955926238
GPN,0.07233,0.0325,11.485584,69.198,0.855,0.413,0.005,1.131,1.016,0.0253121310668348,-0.4320665251037296,-0.0798436979731378,82.46350021362305,85.06996777852376,-0.0821393435237401,21.91460811572327,-2.532692868881668,-1.7105593325397033
GPC,0.16994,0.04434,21.54217,133.159,1.137,0.443,0.049,0.0,-0.002,0.0156887693170038,-0.1819873327816796,0.0488217948673688,129.65649948120117,135.01222457885743,-0.0346800649183324,26.08698366958599,-2.8000085387012064,-2.4743689691123523
GDDY,3.69454,0.08575,22.663792,4217.211,0.569,0.359,0.103,0.144,0.105,0.0207606173972338,-0.4095171630939914,-0.2988959779350217,131.45150146484374,138.8820007324219,-1.14454120705437e-05,46.912966202152106,-1.2317803144598258,-1.8530799453815587
GL,0.22277,0.033069998,9.634978,55.217,0.695,0.552,0.04,0.375,0.28,0.0163249349841513,-0.1470410708830594,0.1102244024381717,134.11999969482423,138.15615641276042,-0.0100655787759846,39.64198465537024,-1.5596753273113677,-1.6247241385932123
GS,0.13532,0.009430001,16.196669,586.142,1.657,1.49,0.207,0.458,0.371,0.0192889308464457,-0.3089572644497901,0.3339669203636151,776.717007446289,771.3212270100911,0.0263712582116449,67.72399793266206,5.034796522623083,3.4061832677949866
HAL,0.12788,0.0761,18.350992,83.613,1.955,1.207,-0.017,-0.969,-0.968,0.0271105105588627,-0.3904016157270378,0.3211378029039347,25.76299982070923,23.799490197499598,0.0755734688240132,69.95153976115299,1.056813788062339,0.9778825126408596
HIG,0.20069,0.03482,10.708674,23.675,1.796,1.056,0.07,0.473,0.408,0.0134960742729603,-0.137221516498881,0.0310685460734612,125.93949966430664,129.91082229614258,0.0390703548859617,72.9299631954311,-0.2008178201229924,-1.0898633483302995
HSY,0.31013,0.09329,25.248133,125.764,1.363,0.66,0.065,-0.382,-0.381,0.0192661901883161,-0.2525688696262982,0.0510723615958599,177.80700149536133,183.9946667989095,-0.0500373874955878,29.71253507292147,-5.357574054166548,-4.507417307186941
HSIC,0.08347999,0.042329997,23.02839,70.224,1.396,0.597,0.052,0.077,0.02,0.0190022803119182,-0.2427054571358634,0.0348738170193467,65.45700016021729,66.75600007375081,0.1152359536996794,75.56847830874061,1.5542940268921228,0.3538012286006269
HPE,0.05356,0.02041,28.094116,96.967,0.951,0.512,0.185,-0.452,-0.404,0.0289998271494067,-0.4835785139966022,0.3494317780697236,23.772500038146973,23.811537551879884,0.004521994844763,58.7896084108045,-0.0875314757701417,-0.0475290381539111
HOLX,0.11116,0.06825,29.83936,49.682,3.754,2.869,0.062,0.108,0.049,0.0186427265926843,-0.3388916984709552,0.3007703858741331,72.6830005645752,68.83566697438557,0.0222473270864208,65.38436145161646,1.5848010119884464,1.6761147199539037
HD,1.9395399,0.13713999,25.19932,580.591,1.147,0.281,0.049,-0.004,-0.002,0.0139749366174331,-0.217916276190707,0.0033368653568339,382.4929977416992,397.5180592854818,-0.0315378454955775,25.25979098692912,-6.112938004395232,-5.277165969830624
HRL,0.09442,0.048410002,16.167883,35.301,2.469,1.074,0.046,0.031,0.04,0.0164866647114197,-0.338699449019492,-0.2264650929502486,22.87049989700317,24.45218445460001,-0.0315034774804949,26.96896255677665,-0.6965628932927146,-0.6763344827157218
HST,0.109239995,0.039189998,17.150944,82.827,2.592,2.462,0.009,0.966,0.963,0.0190483671421432,-0.3129738779958223,0.18194264149081,16.578499698638915,16.78799171447754,0.0966010577343346,71.5493216549781,0.1739824801515404,-0.0322439004554651
HON,0.34616002,0.066589996,20.70433,215.247,1.358,0.985,0.07,0.324,0.292,0.0159136654737212,-0.2210226917991334,-0.0368358649386099,197.60673904418945,199.49646631876627,-0.0077767171676622,48.59115665562723,-0.3981787500991913,0.0108161722631604
HWM,0.30064,0.112840004,59.08169,65.176,2.353,0.962,0.138,0.173,0.16,0.0215249333891814,-0.1941315711749257,0.3266025803734342,199.9189712524414,189.14799168904625,0.0491250739196805,66.95404023148268,4.728287889449206,4.186838663584403
HUM,0.07159,0.045760002,22.303087,69.686,2.024,1.533,0.111,-0.593,-0.594,0.0285470902652492,-0.2677761280672732,0.049141847363628,276.34249954223634,279.375301361084,-0.1372300729569645,15.148507303187998,-5.843333384380344,-0.3755390126390999
HUBB,0.24991,0.09993,28.8925,58.21,1.358,0.774,0.041,0.141,0.13,0.0198757938459966,-0.324484612761665,0.2031238508246264,447.8189987182617,436.7002904256185,0.0322920646565356,64.51855120484498,9.880724772071233,8.593093349675263
HII,0.12387,0.039330002,21.991718,58.708,1.139,1.03,0.161,0.439,0.436,0.0232432104087231,-0.2342169911344548,0.4272580098857002,300.0315002441406,283.66448872884115,0.0620884920510361,69.79526078711578,8.47223110858505,7.801864115308303
IEX,0.12197,0.063990004,26.70886,48.121,2.934,1.94,0.101,0.083,0.073,0.018216734940465,-0.3254608920878112,-0.1024495612115256,167.7230010986328,164.37124608357746,0.0064213133921426,48.92145038746306,1.127857128824985,1.340858018721947
IDXX,0.64633006,0.24065,56.27201,71.29,1.18,0.737,0.133,0.214,0.179,0.0277536920766424,-0.2302575431359104,0.3937305207906505,660.3545013427735,645.6276662190755,0.0745592335822336,74.54274299214383,20.686667896777863,12.933018321016782
PODD,0.19679001,0.08741,93.66959,77.711,2.871,1.883,0.299,0.148,0.13,0.0231106763647989,-0.1777030402298708,0.0187305692567854,320.16800079345705,325.8076670328776,0.0005684681467464,42.09463377717872,-0.4553968883138282,-0.6769623914304447
INCY,0.30389,0.13537,17.962711,0.887,3.195,2.858,0.2,2.907,2.984,0.0220762966549611,-0.3153388320266408,0.7428054754736801,93.97199974060058,88.09916648864746,0.1277827826318456,86.65619671139603,5.193553296733427,3.693250198807495
ITW,0.91683,0.16416,23.692532,278.654,1.53,1.011,0.023,-0.281,-0.292,0.013960210203214,-0.2062888041686603,-0.0074688093323908,247.40450134277344,255.72869466145832,-0.0126695232030953,32.11007033808178,-2.8324955960057423,-2.9601671543668733
IR,0.05382,0.05091,57.22222,47.62,2.162,1.362,0.051,0.13,0.102,0.0201314513396478,-0.3662420977641462,-0.0853527069383321,78.05799942016601,79.54433301289876,-0.0103512699040204,41.86047511925295,-0.6423756384972137,-0.5992946302503728
IBKR,0.23249,0.023659999,34.36232,145.38,1.101,1.101,0.232,0.405,0.429,0.0279576417084401,-0.3866281329387595,0.4070384892668834,69.04500007629395,66.41218808492025,0.0301976562360797,62.65625360111452,1.0015284731885146,0.9080136232266748
ICE,0.114930004,0.02189,27.281021,67.954,1.012,0.027,0.026,0.246,0.242,0.0118316767698822,-0.225275192376256,-0.1302896826450057,152.707999420166,164.60182393391926,-0.0210074091229458,33.978025987579656,-4.209805149372642,-4.311804993628327
IPG,0.11933,0.053940002,21.169493,110.56,1.068,0.978,-0.066,-0.228,-0.242,0.0196262953561583,-0.2388644868472823,0.0005521224781384,26.2020001411438,26.377377859751384,-0.0466376838533261,30.859368451639227,-0.3911379208745948,-0.22851017368409
INVH,0.06,0.02407,29.51579,85.691,1.544,0.581,0.065,0.467,0.435,0.0127465456164304,-0.2108332278531302,-0.1529032167357011,28.40900011062622,29.137371921539305,-0.0129888131811036,42.596817465920815,-0.2205836304498767,-0.213415292266398
IVZ,0.06904,0.024430001,16.081633,10.983,0.617,0.617,0.082,4.5,2.027,0.0249870174167583,-0.3652208129113241,0.5461762316363654,23.30850009918213,22.69666668574015,0.0142222489244573,60.23390116922699,0.1671600989276065,0.1945587452758716
IQV,0.19374001,0.05071,29.34573,242.366,0.703,0.621,0.052,0.245,0.161,0.0244135894778865,-0.3585241592841195,0.4139236355697093,213.14200134277343,198.08583348592123,-0.0004316291037713,35.210562919917194,3.3692023163180806,4.8235237823144255
JBL,0.40381,0.050359998,37.03716,246.012,1.0,0.515,0.185,0.692,0.58,0.0247840614155145,-0.325361264816699,0.3139688729580656,211.779500579834,211.43016611735027,0.0353220869183325,65.02153238399288,2.019100234021522,1.3508467007063334
J,0.084230006,0.04778,39.55897,63.387,1.395,1.354,0.051,0.322,0.222,0.0155775503162108,-0.2558585397409129,0.233315530515731,157.64100189208983,151.63653335571288,-0.0213206150205367,29.29912899438895,0.2158446975991523,1.1708839610677069
JBHT,0.15126,0.062800005,29.148787,53.131,0.867,0.664,-0.005,0.181,0.124,0.0257880817445678,-0.3504957715232381,0.1502241068695897,164.97821960449218,147.83476282755535,0.0212256874358433,49.887428957386426,6.533331997855555,7.031496287730397
JCI,0.11374,0.04384,46.608364,76.27,0.929,0.608,0.031,1.826,1.675,0.019504363298979,-0.2112627187812045,0.2807118889552709,113.50200042724607,109.43150024414062,0.0799809815654088,72.74540934920304,3.2505647237461237,2.143180982250698
JKHY,0.2345,0.12581,24.712767,3.17,1.494,0.874,0.073,0.209,0.208,0.014065581601048,-0.2301601675364073,-0.081999572907226,155.18350143432616,155.80744069417318,0.0478562418516397,60.33418578588033,1.5985189235711914,0.385735247463041
KVUE,0.13469,0.06858,22.36,85.659,0.98,0.577,-0.035,0.038,0.039,0.0218710544435137,-0.412037508391995,-0.2781579885028217,15.396999883651734,17.427833350499473,0.0891732535225752,70.6278262788444,-0.0523459921039641,-0.401507446252156
JNJ,0.33619,0.08264,18.203865,57.766,1.074,0.711,0.068,0.91,0.912,0.0121701837952168,-0.1272509915816544,0.2895446900699223,189.579500579834,183.2231137593587,-0.0061688996655634,39.97688703029192,0.4152248730066787,1.1429858155480357
K,0.32112,0.076409996,22.765026,145.099,0.678,0.382,0.008,-0.162,-0.158,0.0045593572331114,-0.0581069158212501,0.0292941493038947,83.0804988861084,80.93720944722493,0.0028827560249022,73.61081676768534,0.4908104558262636,0.595105110687909
KDP,0.06291,0.041490003,22.517242,73.567,0.625,0.298,0.107,0.083,0.075,0.0168657126154008,-0.2801184287705893,-0.1976977168158992,27.26099987030029,27.71193037033081,-0.0418546288285619,40.20228495920061,-0.2228452957629336,-0.0641605597934144
KEYS,0.09982,0.05783,58.25714,48.748,3.592,2.133,0.111,-0.505,-0.509,0.0211126042974986,-0.3138134286410708,0.1117775186061826,172.80400009155272,170.6226666768392,0.061954552033582,66.50337459552041,3.986247762038289,2.552457803215699
KMI,0.08884,0.03926,22.180326,102.138,0.631,0.395,0.121,0.003,0.005,0.0160189777538349,-0.1839524199956859,0.005652671829315,26.398958110809325,26.80592826207479,0.0250404335034111,48.42596974119819,-0.1988472543139288,-0.2962629120427397
KMB,1.3688201,0.11332,17.443316,500.068,0.773,0.366,0.001,-0.502,-0.508,0.0154418146100376,-0.3081050205905137,-0.2159657778377102,114.42349967956542,122.0828406016032,-0.0990487388815535,26.219837031287383,-5.387922846324216,-3.867033833285242
KIM,0.056700002,0.02202,24.493977,78.195,1.587,1.583,0.056,0.002,0.013,0.014782490352718,-0.2587612304396972,-0.0305074166975087,21.364500045776367,21.670141983032227,-0.0484214524025254,21.686805822459466,-0.3662929557141829,-0.2255897872726959
KLAC,0.99167997,0.20436001,38.228184,122.127,2.692,1.749,0.13,0.208,0.185,0.026869345697107,-0.2569315345109199,0.5373022576008664,1170.584503173828,1043.7018341064454,0.0404630745321025,60.79077442292512,41.08595604969082,44.1622696254644
KR,0.25049,0.05533,16.35533,271.402,0.946,0.425,0.001,0.422,0.307,0.0161578094922229,-0.1463229693680908,-0.0356887238803439,66.55850009918213,67.19666652679443,-0.0318291075462788,35.9929333449668,-0.9843045687277794,-0.7057909405247133
LRCX,0.62261003,0.19507,36.726265,43.991,2.207,1.539,0.277,0.443,0.405,0.0303308160383522,-0.3342132669244241,0.9602735876584588,152.90849838256835,130.2909713745117,0.0880362888721806,67.51520178624904,7.817663281591791,7.729158332295603
LW,0.16219,0.070539996,29.019232,223.019,1.489,0.693,0.003,-0.477,-0.495,0.0275317243859388,-0.4087005213402042,0.1934680996620157,63.55745716094971,59.40424455006917,-0.0503081258034138,34.17921592722767,0.246064490126713,0.8639836053839159
LH,0.10135999,0.046269998,25.651278,75.557,1.551,1.089,0.086,0.56,0.542,0.0152106945835542,-0.1736303280454409,0.0502388340809651,268.2349998474121,274.288919321696,-0.0264879488830366,34.39620339858932,-6.946477786638184,-5.64562548030342
LVS,0.65651,0.08146,29.788286,847.509,0.889,0.835,0.242,0.619,0.524,0.0257602419680079,-0.4402824644959467,0.5764937083325377,56.56513004302978,54.551887130737306,0.1690947621460796,92.27883628965417,3.27339988509808,2.236272222619281
LHX,0.091309994,0.04279,31.935484,60.629,1.144,0.878,0.069,0.171,0.155,0.0140837758668887,-0.2527569498941766,0.372856986375883,290.30299987792966,286.0819854736328,0.0230690007505481,54.6078551049326,0.302985713680016,0.3059807958296256
LDOS,0.2929,0.09491,18.364738,105.551,1.624,1.321,0.067,0.052,0.008,0.0190554126750244,-0.3682512738129101,0.272789960345642,190.94900131225583,186.87723185221355,0.031008247041047,55.993521796148585,2.325709117017766,1.778448046621298
LEN,0.10774,0.05899,12.186944,24.892,12.742,4.683,-0.064,-0.462,-0.492,0.0216127801248533,-0.4036566767488276,0.1059318569204883,124.35150032043455,128.00520731608074,-0.0091796338043404,34.349714598241775,-1.1074234774492595,-0.86367395808434
LII,0.92253995,0.19301,20.668076,128.035,1.68,0.724,-0.048,0.045,0.028,0.0222685314681457,-0.2746466939909702,-0.1835647174523524,505.66400146484375,536.1431935628256,-0.0321240744645705,24.492599806759443,-12.227407571185324,-12.213777702799606
LLY,0.9647,0.17603001,47.31473,178.516,1.546,0.724,0.539,4.804,4.753,0.0258338426235811,-0.3256759913283551,0.3011673216965671,852.6815002441406,789.9788340250651,0.1336472227574636,88.1490789253995,38.28856253785716,27.14824752226368
LIN,0.17979999,0.06989,28.176155,64.673,0.823,0.622,0.031,0.27,0.245,0.0118317048790788,-0.1476664203206844,-0.060603784853865,436.3025024414063,461.35086720784506,-0.0358294736477503,22.006481140439035,-12.311580192993745,-11.257466449669469
LYV,0.5636,0.04586,103.876816,473.811,0.921,0.762,0.111,-0.561,-0.045,0.0196969862972662,-0.2513254999754335,0.0024475951294797,149.96500091552736,158.898499806722,-0.0441102575376093,31.27528303214136,-4.434636379837173,-3.5485533019359385
LKQ,0.10882,0.049089998,11.466666,83.675,1.596,0.471,0.013,-0.038,-0.058,0.0213617555827564,-0.3332747451235518,-0.2518903738051046,30.525500106811524,30.938166650136317,0.0142339675399511,52.24056272223832,0.0172032106268318,-0.0070599375167935
LULU,0.42422,0.21861,11.627987,40.178,2.266,0.832,0.065,-0.016,-0.056,0.0323475933656139,-0.6204055614800283,-0.4515630078321347,171.07900009155273,177.68899943033855,-0.004261154131407,39.28571534347249,-2.501421511314305,-2.145062033697003
L,0.08182,0.01704,14.930434,49.123,0.493,0.493,0.046,0.334,0.257,0.0121903589908527,-0.1216201675747635,0.1644729194169354,100.10249977111816,98.79391479492188,0.0291450950637499,71.00940154791083,0.6505648078338027,0.3505542676108172
LMT,0.62776,0.06391,25.1586,358.987,1.129,0.926,0.088,0.022,-0.002,0.016577397997868,-0.2592495082322389,-0.0028157855501171,485.7015014648438,477.6474309285482,-0.0691813701625139,16.196665241556232,-6.461377658225672,-1.6962757691254549
MPC,0.18887,0.03866,20.889362,143.175,1.315,0.702,-0.008,1.412,1.203,0.0216234628515976,-0.2518994500609217,0.2194287811993804,190.28749923706056,185.32082443237303,0.0319122454057051,64.28119355285804,1.723392081653003,1.7065533644736686
MMC,0.28734,0.078779995,21.357313,139.501,1.123,0.52,0.115,0.0,0.0,0.0130162832441058,-0.2707363174523467,-0.1969843140082076,185.38850021362305,196.7053596496582,-0.0392068822395135,30.21554658226846,-5.519460256053037,-5.257189991850178
MLM,0.12523,0.060399998,31.661707,60.618,2.966,0.902,0.124,0.157,0.141,0.0144460502010441,-0.2520497601695877,0.1371674569320822,621.7690032958984,619.3744038899739,-0.0080399372405983,37.39673712503251,-2.9312910649845207,-1.7378711215823466
MAS,5.6387095,0.15332,15.721228,1888.69,1.878,1.104,-0.033,0.169,0.132,0.0196653400828038,-0.2823458323551768,-0.0838221815891037,65.92174129486084,69.74972298940023,-0.0675306808757608,12.571699108321326,-1.976936998378605,-1.545190939387679
MA,1.8486099,0.23048,35.40077,239.715,1.122,0.72,0.167,0.229,0.203,0.0138953017329191,-0.1672537126845016,-0.0384169521085907,560.2824981689453,574.2424407958985,-0.0130692574196401,28.50063236874736,-5.429447947681297,-4.893417494589178
MKC,0.1385,0.05155,22.329859,75.356,0.713,0.245,0.027,0.011,0.011,0.0148802864360169,-0.2323558133476986,-0.1290651681241761,65.68800067901611,66.94436200459798,-0.0209780036867915,37.71262982777606,-0.6808461032141224,-0.5822439383565536
MRK,0.39485002,0.12614,11.474868,79.708,1.661,1.09,0.037,0.87,0.832,0.0183353436567718,-0.2802977195810745,0.1546923757475216,85.85799980163574,84.42201334635416,0.0103892496963021,46.05620017638209,0.2248877403751521,0.3541120625222312
META,0.32643002,0.18013,27.916925,26.311,1.978,1.671,0.262,-0.826,-0.827,0.0241109997114373,-0.3415081492514954,-0.0356038374759897,693.4269989013671,728.2806579589844,-0.0889307587293895,21.991051363717204,-29.041627674822053,-19.942279326429016
MDT,0.09741,0.045689996,25.596687,59.437,2.014,1.248,0.084,0.013,-0.002,0.0135236324499808,-0.139473705749002,0.1060805811700411,93.24649963378906,93.51836535135904,-0.0062897371374051,33.941262226729606,-0.981224631706624,-0.8252073258947736
MET,0.12798001,0.0043599997,14.31911,163.999,1.891,1.626,-0.059,-0.326,-0.332,0.0177962445185267,-0.2197282701666598,-0.0348444485321266,78.35151481628418,79.4438481648763,-0.0149520339696727,43.43480354209542,-0.6598009186160709,-0.4854716967752356
MSFT,0.32241002,0.14656,35.98862,33.154,1.401,1.254,0.184,0.127,0.125,0.0152982393058214,-0.2182569584380234,0.1305211027072124,517.425,512.7337437947591,-0.0220804947576942,42.60529605988937,-2.981809159757063,0.2539360736381916
MAA,0.09408,0.03294,27.447035,87.122,0.04,0.021,0.006,-0.139,-0.136,0.0131608988747782,-0.2378623346395872,-0.1775316132275934,130.7952480316162,136.27422040303549,-0.0095205674410846,39.96874289340142,-1.9393621914900336,-2.033070340715195
MU,0.17198999,0.08055,33.37286,28.343,2.518,1.709,0.46,2.569,2.609,0.0390756161987971,-0.4075308927308806,1.6173238171504143,217.6685012817383,173.0923994700114,0.1636961781801403,75.88552237775082,16.894162096974128,15.64102828260312
MHK,0.051999997,0.03196,16.083334,28.031,2.246,1.034,0.014,-0.314,-0.328,0.0227952363043783,-0.3243466959350367,-0.025252484593446,119.25149955749512,126.37933349609376,-0.0936801446346113,8.540032712870214,-4.966769650584794,-3.794541727552196
MOH,0.19708,0.052729998,8.676108,91.911,1.678,1.599,0.116,-0.734,-0.758,0.0331220827003771,-0.6011210570949305,-0.5461427335924157,168.01399993896484,178.43333333333334,-0.1613794448815592,17.102162936770682,-11.344519359364114,-9.04420430202985
MDLZ,0.13101,0.03727,21.067415,83.621,0.611,0.307,0.059,-0.095,-0.129,0.0140490705675782,-0.2018257128169703,-0.1097814824333436,59.47449989318848,61.12806523640951,-0.0542165112607828,22.609564250666622,-1.5401605179504614,-1.2169699809692378
MPWR,0.64029,0.1225,25.03359,0.528,4.771,3.412,0.189,0.258,0.234,0.0376069056058214,-0.3663063476656545,0.3285459257576,1022.3835083007812,928.827508544922,-0.0450648023643911,43.39122073216597,7.562559998396409,23.72081721267089
MNST,0.25538,0.16877002,39.789772,0.779,3.185,2.629,0.168,0.395,0.414,0.0153039036660964,-0.1812699721015592,0.1627096017191283,68.59400100708008,66.12133356730143,0.0209347428511798,54.89175847803298,0.3272744546690092,0.3702141447019571
MCO,0.54914004,0.13188,38.98151,181.347,1.84,1.637,0.107,0.229,0.21,0.0171214884623149,-0.2465196344410358,0.004218680245853,481.6725006103516,491.4938349405924,0.0067628773934612,50.00569396951167,-0.1534243219252289,-1.1301450900610774
MSI,1.1517,0.11384,31.621187,423.891,1.027,0.79,0.078,0.012,0.0,0.0145346116946857,-0.2154969095878551,-0.0419610714168575,425.9064971923828,452.74705607096354,-0.0749143236900905,16.145149209693358,-17.286999885225896,-13.35606761825615
MOS,0.101169996,0.02856,6.707254,37.134,1.141,0.328,0.228,2.395,2.367,0.0245927983576831,-0.3364162325903472,-0.2339056486763556,28.2854998588562,31.749640687306723,-0.0846900525414519,25.806435374001254,-1.7681161431992685,-1.5478811200024474
NDAQ,0.14054,0.048660003,31.364286,79.867,0.986,0.175,0.029,0.377,0.382,0.0149983007872346,-0.2046138367296206,0.0830266524028748,87.59700012207031,90.23266716003418,0.0025457444026981,40.187650656490966,-0.8076200826545943,-0.9228161948169828
MS,0.15135,0.01245,16.91086,420.553,2.266,1.85,0.191,0.489,0.446,0.019299140227795,-0.2923872600557798,0.2926822316435544,161.73273086547852,155.72408091227214,0.0205108277621209,67.124934033382,2.2004982523056924,2.257794214910523
NTAP,1.23004,0.094519995,19.911505,281.538,1.313,1.154,0.012,-0.017,-0.06,0.0233851042554871,-0.4132170856747617,0.1407413286879315,116.68900070190428,117.55219395955405,-0.0358988480208651,34.880517283936754,-1.356515768133221,-0.9044741162495964
NFLX,0.42861,0.14739999,46.76701,65.822,1.332,1.132,0.172,0.087,0.078,0.0207519667421544,-0.1915170932458768,-0.0161361126301454,1136.186993408203,1187.8308268229166,-0.0141852064956266,26.124073705590973,-25.020470125154816,-25.834364069400117
NEM,0.22875999,0.10552,13.726284,16.914,2.039,1.379,0.2,1.081,0.987,0.024665387404471,-0.1998575359779884,0.7768747464208232,85.54549980163574,81.30844294230143,0.0317316789414891,53.16786705423247,-0.3116820544460665,-0.2798757684137828
NWSA,0.070250005,0.03738,32.289158,31.439,1.763,1.524,0.023,-0.052,-0.059,0.0150985311094234,-0.2109115705079158,-0.0470798602059149,26.270999717712403,28.274173323313395,0.0201362538552913,54.13385908072553,-0.478382085353445,-0.6174814934958266
NWS,0.070250005,0.03738,36.53012,31.439,1.763,1.524,0.023,-0.052,-0.059,0.0155327055370557,-0.2143028172883951,-0.0741635421855044,29.988500022888186,31.98962208429972,0.0110542265095961,52.38094967779438,-0.4847876617087863,-0.5692764859670314
NEE,0.08236,0.02447,26.91111,144.161,0.553,0.357,0.053,0.311,0.316,0.0175927217590139,-0.1783620433275258,0.1942412089348935,83.49899978637696,77.76780942281087,0.0152217015765596,53.046873137353074,0.9781705803783608,1.256505534093239
NDSN,0.15594,0.0769,29.530819,74.482,1.694,0.941,0.121,0.088,0.072,0.0182474315803162,-0.3598060429526676,0.1673009635197182,233.58850021362304,228.1166325887044,0.0050580574718249,44.61036218757293,0.7556832513928384,1.1886972140899368
NKE,0.21122,0.05685,31.179485,82.128,2.19,1.241,0.011,-0.3,-0.308,0.0249615598434639,-0.3448407085603325,-0.0139104940465661,65.7394998550415,70.62610861460368,-0.0751374839917062,18.39465074955912,-2.3891332304470936,-1.92298097611236
NI,0.09073,0.03312,23.010527,140.579,0.523,0.237,0.183,0.057,0.105,0.0127899794985097,-0.0999273209493477,0.1714596851463479,43.02912979125976,42.11821174621582,0.0160559005677055,53.22941802013205,0.1938698232539835,0.1777556726395794
NOC,0.26152,0.06529,20.287567,109.401,1.109,0.924,0.043,0.096,0.072,0.0172595721739899,-0.1808629501544487,0.2065753833932149,590.156494140625,591.2850189208984,-0.0460496731658421,24.37657811994744,-8.645599670381898,-4.888272013049264
NSC,0.2048,0.061139997,21.90229,116.353,0.862,0.715,0.017,-0.349,-0.353,0.0148676559760048,-0.2486013629951025,0.2058043263437823,283.7105865478516,283.95602366129555,0.0113123268290219,47.514547171346166,-1.17545492566785,-1.46193829711918
NCLH,0.39870998,0.04729,13.697843,699.717,0.195,0.078,0.047,-0.096,-0.117,0.0326178440249854,-0.4668042599684064,-0.0155118528797117,21.976000022888183,23.87150001525879,-0.1336002504688283,15.242182929887562,-1.354744226400307,-0.9630185541126568
NUE,0.09014,0.045539998,20.064697,31.248,2.774,1.417,0.145,1.505,1.429,0.023895058933961,-0.3337455699501002,0.2091532772959481,142.51499938964844,141.27535018920898,0.0010174667444265,52.97552696065431,1.8597854405869327,2.0800569682628725
NXPI,0.20872,0.07891,25.387377,117.34,2.375,1.409,-0.024,-0.111,-0.121,0.0287191047748212,-0.3725890408863512,-0.025252694070489,213.021501159668,221.6140314737956,-0.0370455387549845,33.972806430691975,-4.267884952141429,-3.603785728470953
NVDA,1.09417,0.53094,56.548298,10.584,4.214,3.488,0.556,0.612,0.592,0.0314479687612864,-0.3688102669914986,0.5321715790928869,190.91950073242188,182.99803314208984,0.0425860233666283,63.48153870248071,3.554172816268249,4.0246083399876
NVR,0.348,0.18898001,16.13727,27.023,6.389,2.826,-0.049,-0.139,-0.202,0.017220227725763,-0.2790318463680418,-0.0088927837783804,7439.034497070313,7878.141658528646,-0.0137416271583121,28.216876509934792,-173.36251373649247,-177.72078499953767
OXY,0.071100004,0.03988,24.588234,66.823,1.048,0.751,-0.059,-0.748,-0.606,0.0229305666831406,-0.3113018900412265,-0.0480292791129597,41.2495002746582,44.3025671005249,0.0133455910674521,55.30393000234611,-0.8844422452263458,-1.047668308271099
ODFL,0.25059,0.15888,27.71831,1.994,1.204,1.064,-0.043,-0.105,-0.122,0.0243547935874991,-0.4027498987466154,-0.1930942025067221,138.31499862670898,143.1467379252116,-0.0040126098064817,38.667570037434345,-0.6248998633180634,-0.9814852631279988
OMC,0.27007,0.051170003,10.728613,128.056,0.924,0.729,0.04,-0.103,-0.116,0.0200304270540204,-0.323622216109161,-0.0427346677234475,76.5729995727539,77.1364501953125,-0.0500568311333101,30.113266700281383,-1.227532645417213,-0.73024720228773
ON,0.03891,0.05668,66.49315,45.833,5.231,3.189,-0.12,-0.326,-0.365,0.0370855165106617,-0.5679512903117313,0.0605200006567581,51.02950019836426,50.0866668065389,-0.0487854921792221,29.88929871984781,-0.4951895894201641,-0.0616325064227924
ORCL,0.69241995,0.07152,55.61894,452.534,0.618,0.498,0.122,-0.019,-0.001,0.0374168132246258,-0.3578746930881846,0.4898659510643885,271.6284973144531,271.9889274597168,-0.1133846256482591,26.97260315205344,-11.365029864378071,-7.074022628682416
PCAR,0.14151,0.049569998,19.407845,82.453,5.69,5.04,-0.19,-0.395,-0.393,0.017787033425396,-0.2470442998749025,0.0351877468179573,98.17900047302246,98.54216702779134,0.0081585968491422,47.00621377616334,0.2921904404121278,0.2236617487378629
OKE,0.17847,0.062750004,12.481618,152.218,0.904,0.659,0.719,0.262,0.355,0.0195819446319093,-0.4216597720420499,-0.1927388127954112,67.17969703674316,70.37672653198243,0.010722056229902,50.04496928474084,-0.8564797146459568,-1.149551305731403
PKG,0.19811001,0.08185001,20.25429,91.618,3.158,1.932,0.06,-0.049,-0.047,0.0168766634939092,-0.2843008584886358,0.0763651020827143,203.12449951171877,208.94532012939453,-0.0118375592151398,38.95677144827109,-3.0892574552811425,-3.0118908789411
PLTR,0.19504,0.07651,450.2558,3.52,6.427,6.306,0.628,2.0,2.314,0.0434008391902916,-0.406114584295655,0.5113972785754461,186.21749877929688,175.2649996439616,0.0396982124639973,56.24226787406172,2.738662916685996,3.75085372160778
PANW,0.17452998,0.030669998,136.18867,5.335,0.942,0.824,0.158,-0.277,-0.29,0.0220623236368637,-0.268100617750922,0.1278124650319416,214.1449989318848,203.89216639200848,0.0111839845254095,53.31474358580441,2.190124637871179,3.0947953923644675
PH,0.27294,0.08911,29.905016,74.953,1.066,0.555,0.037,0.178,0.158,0.0200018504170001,-0.266739409060734,0.2447298258818357,768.95576171875,756.713735961914,0.0932098395411696,78.07637229178573,19.69617484696857,10.685408045667796
PAYC,0.28557,0.07124,20.74627,4.943,1.223,0.242,0.092,0.496,0.51,0.0229578678625762,-0.3887682082637117,-0.3570149068667864,190.6140007019043,208.40672149658204,-0.1249330981064109,15.47745346231146,-10.338946136810506,-7.616061780083047
PAYX,0.41266,0.108100004,24.995516,126.47,1.268,0.515,0.168,-0.102,-0.102,0.0150977308888778,-0.2902035319836947,-0.2502229538735374,120.09621810913086,127.34483858744304,-0.0717442637899534,10.627800856922036,-4.030596798850567,-3.277498297589235
PNR,0.17966999,0.091120005,27.656488,44.76,1.462,0.72,0.029,0.333,0.32,0.0173480649133257,-0.3008613786617383,0.1089971341351632,108.4055191040039,108.91094703674317,0.0026242514196109,49.60833739903508,-0.4970304376448666,-0.4558587577631429
PYPL,0.24358,0.047,13.303213,60.239,1.34,0.264,0.073,0.313,0.236,0.0240127756463781,-0.3746868383176605,-0.0835523701623027,68.43500022888183,68.80216687520345,-0.0319281102005416,40.68625727691664,-0.7276197739923447,-0.3265787644838376
PFE,0.105979994,0.05189,14.180232,66.531,1.282,0.904,-0.059,-0.213,-0.207,0.0165786357050617,-0.1976960613769515,0.1039675334340086,24.171360778808594,24.39395278294881,0.0090453579689037,49.26995001183564,-0.0463144750495168,-0.0795027525265299
PCG,0.0876,0.02394,13.915965,185.52,0.941,0.409,0.052,0.378,0.429,0.0195200742641653,-0.3962703771395052,-0.0202103551635036,16.330999994277953,15.617996756235758,0.0140223790181046,45.58138606483206,0.1542307390694546,0.1642455735364736
PSX,0.056199998,0.02456,37.371967,77.483,1.227,0.69,-0.029,-0.61,-0.616,0.0221925319406899,-0.3131510672860721,0.125802724096953,134.19299926757813,132.4093330383301,0.0332133170376428,71.1223141556026,1.6895428752097814,1.303572725182275
PEP,0.37162,0.08365,27.114067,260.19,0.912,0.676,0.027,-0.108,-0.112,0.0144505087545893,-0.2086642773886168,0.1173000548026361,148.55249938964843,145.50268732706706,-0.0399354053067809,21.179057486965064,-0.962042809266734,0.1467154947299419
PNW,0.087749995,0.02342,18.084536,197.565,0.675,0.352,0.029,0.006,0.046,0.0109075348732657,-0.1349977233956363,0.0047713051860238,90.13087463378906,88.78465003967285,-0.0268595590484689,31.269758588159604,-0.4267574256787014,-0.0334849049654475
POOL,0.29307,0.10717,22.706203,100.725,2.57,0.795,0.013,0.04,0.01,0.0200346571427352,-0.3559411364182401,-0.2008070387713197,279.13500061035154,302.4961654663086,-0.1084600638895201,9.565348300362883,-14.29998384616954,-11.0205234994073
PPG,0.1616,0.06034,17.161001,102.552,1.465,1.004,0.012,-0.001,-0.032,0.0186631949713413,-0.2732794419052778,-0.1479521216869627,99.84599914550782,105.12716585795084,-0.0392203881361852,29.33985767912665,-2.3107652584153584,-1.958209928034276
PPL,0.076620005,0.030079998,25.061224,132.089,0.774,0.546,0.084,0.489,0.486,0.0111189373831869,-0.090348970067019,0.1075719485929109,37.06849994659424,36.58127880096436,-0.0061642579099654,39.44099305298874,-0.09292859015234,-0.009732684666576
PGR,0.34223998,0.076009996,11.932529,19.455,0.297,0.231,0.142,0.121,0.12,0.0156163281113244,-0.2997243208843224,-0.2296162111225206,216.68100051879884,235.3670392354329,0.0039181942969862,44.20061591767124,-6.523742229346965,-7.667814483880064
PLD,0.05963,0.0247,36.30814,62.789,0.767,0.565,0.087,-0.243,-0.24,0.0184868239137954,-0.2699190897294328,0.1596777872542991,124.29549980163574,116.59723065694172,0.0048634240596634,43.9779329693712,2.0506331084911267,2.448841639114464
PG,0.31902,0.10746,21.240877,67.125,0.714,0.465,0.03,0.214,0.2,0.0115312204882326,-0.1689251976828348,-0.0706265274545875,149.05540390014647,152.59565607706705,-0.0238529017205459,32.51871169616565,-1.401658014825557,-1.064128083255446
PRU,0.085,0.0026699998,14.657534,148.723,0.841,0.732,-0.083,2.234,2.194,0.0168193029300259,-0.2566000876120129,0.0218271996542398,103.0644989013672,104.4561659495036,0.0381848370737152,78.36649796633291,0.7620662173408874,0.1714660507761683
PSA,0.19933,0.07022,28.355509,106.758,0.269,0.205,0.031,0.213,0.188,0.0142000671933958,-0.2272647416379309,-0.078572393896126,293.0644958496094,289.5106211344401,-0.0692151296304476,17.553529856859384,-5.300188376096116,-2.3936280883949896
PEG,0.12579,0.03364,20.009615,138.209,0.934,0.515,0.221,0.192,0.196,0.0137217170958681,-0.1716889404544527,0.0898752806617149,82.60750007629395,82.12051874796549,0.0076566629772288,50.46152022320114,-0.071438098526869,-0.1660438535301376
PWR,0.13369,0.047859997,66.62426,71.612,1.344,1.211,0.175,0.149,0.158,0.0248137529978976,-0.3388542840962666,0.3115078857266358,440.6414993286133,409.90160980224607,0.02210074532026,55.27667259725409,8.62182656615721,9.475619666953577
PHM,0.21569,0.122279994,9.272376,16.939,6.449,0.601,-0.016,-0.116,-0.161,0.0220316071725178,-0.3288126301658863,0.1331658072736641,121.04699974060058,128.26643816630045,-0.0072451326636319,37.890612194294754,-2.178061137158537,-2.4659033037037394
DGX,0.14353,0.0612,21.60727,86.524,1.128,0.886,0.132,0.085,0.084,0.0143359028458096,-0.0924980239780647,0.0657879144750142,181.5584983825684,181.6983080546061,0.0151548905754199,49.42367804636265,-0.917368801283004,-1.0663570773097089
RL,0.34005,0.09596,24.720089,111.231,2.04,1.271,0.165,0.437,0.403,0.0249975330992196,-0.3617542847615048,0.2485506420638297,325.6900039672852,313.78088836669923,0.0276950086828547,49.79840253145176,1.2281350029592772,1.919309326062976
O,0.02488,0.02268,52.691586,73.977,1.362,0.833,0.103,0.152,0.172,0.0113121884587802,-0.1084168148207453,0.0530076918254049,58.44843482971192,58.65672365824381,-0.0353890359531955,26.86652285735383,-0.7048817399549705,-0.4002284569175777
REGN,0.15188,0.06157,15.704966,8.739,4.063,3.193,0.009,0.18,0.089,0.0256645350565828,-0.4099813451640405,0.1437630652064556,613.1424957275391,588.4566670735677,0.0678431111800159,74.43291294360755,20.39078209367085,16.62028940969916
REG,0.0602,0.03056,32.151375,73.101,0.88,0.723,0.077,0.074,0.078,0.0122950983076517,-0.1495711485571466,-0.0215522226934494,70.93649978637696,71.23285535176595,-0.0119332565186547,37.3625493257418,-0.6055513370474301,-0.4479027203901861
RSG,0.18249,0.06343,30.375,113.763,0.583,0.51,0.033,-0.022,-0.028,0.0115828558736802,-0.2049863583319235,-0.1379083521313477,214.7464988708496,223.92060877482095,-0.0494839441366305,21.139329325765036,-5.406747999999965,-4.425507585561762
RMD,0.25413,0.14185001,25.625,13.826,2.888,1.866,0.091,0.123,0.119,0.0170277665393318,-0.2043499999940393,0.0119993504653248,258.4535011291504,270.7440004984538,-0.0323210751223697,23.965515124622257,-6.486024293400021,-5.992833724412539
RTX,0.10702,0.03787,36.761806,61.315,1.073,0.665,0.119,0.294,0.303,0.0171385365565589,-0.1615067331990801,0.3826129286907758,172.457999420166,164.04733378092448,0.0381078255646423,63.41244248920851,3.719054190979847,3.869199293730736
RVTY,0.0304,0.02093,47.56701,45.676,1.753,1.318,0.022,-0.474,-0.506,0.0239188586902095,-0.3486112140957774,-0.0443961120486058,93.90717582702636,89.97499885559083,-0.0173275048834041,40.17057311238344,0.1815584652611619,0.8773045663133692
HOOD,0.27816,0.051810004,56.616665,188.794,1.108,1.053,1.0,2.595,2.707,0.0470726353831364,-0.4765625182612268,1.1716478431444273,137.04350051879882,126.80116653442384,-0.0084899731222694,52.49383337471418,0.9278168267320268,2.487913259659593
ROK,0.20281,0.07238,45.920185,95.742,2.368,1.558,0.138,-0.417,-0.423,0.0207597094381702,-0.2777558591488611,0.2784511339288331,360.6285003662109,349.9878346761068,0.0848837233803727,77.20071727114595,7.781269232980605,5.485567895809553
ROP,0.081549995,0.041050002,30.95802,47.288,0.577,0.459,0.143,0.082,0.083,0.0133277920623705,-0.2498971852347776,-0.2180762568245976,472.3510009765625,500.27168629964194,-0.0476996843571031,12.901374340739906,-16.376939637090572,-15.029888186981983
ROL,0.36208,0.14887,54.72897,59.534,0.773,0.575,0.12,0.205,0.194,0.0136037364501326,-0.1151385272109474,0.0706516326385431,57.0810001373291,57.064833386739096,0.0259105697588276,60.46948366897304,0.5267594316834732,0.2628686235479702
CRM,0.11201999,0.055209998,35.132267,19.255,1.124,0.931,0.098,0.333,0.32,0.0210966213469846,-0.367556224048746,-0.1613416177506407,250.86050186157223,247.16570358276368,-0.0364764284524728,27.21544925809636,-0.2004213223552255,1.7359162519422962
SPGI,0.119940005,0.06626,35.915638,31.784,0.974,0.78,0.088,0.241,0.211,0.0149580435614179,-0.1924888986995331,-0.0386917940725932,487.1910003662109,509.4366129557292,0.0136476165747762,55.14697056462604,-0.3217928945109065,-2.6076467568302104
RCL,0.46677,0.07463,17.843771,203.878,0.165,0.069,0.052,0.363,0.418,0.0277003628339346,-0.3502264304545119,0.0757210094069753,291.28800201416016,318.5332448323568,-0.0903160818362616,23.625264076464248,-15.833268060264402,-12.293935358588444
ROST,0.37979,0.11054,25.701586,88.407,1.577,0.924,0.046,-0.019,-0.036,0.0161207081152354,-0.2108351196843695,0.0903211753155781,158.63699951171876,152.38890024820964,0.0206950375217102,67.71705543120629,2.521115076017196,2.4855463194454157
SLB,0.15182,0.0686,14.361868,47.459,1.387,0.904,-0.025,-0.398,-0.377,0.0223912294451449,-0.2696499745516937,0.0390153653061593,35.26150016784668,34.9006485303243,0.0467506961337005,71.00373434176318,0.6854614161542045,0.5439293675774028
NOW,0.16813,0.056500003,104.752106,21.255,1.063,0.885,0.218,0.159,0.162,0.0249011827735879,-0.3834106448431787,-0.1643838140733161,909.713998413086,914.5431660970052,-0.0477227026250547,28.57547274473123,-13.02499005845209,-5.605009037332083
SRE,0.0677,0.01845,28.596924,81.287,1.587,0.085,0.135,-0.882,-0.854,0.019180082634593,-0.3162068164025188,0.2567930124563709,92.34500045776367,87.22317276000976,0.0064432506437066,55.007705790451865,1.132733842437375,1.3494331515152669
SPG,0.82455003,0.058319997,26.628822,884.863,0.592,0.592,0.082,0.274,0.275,0.0164864761110383,-0.2431875093303015,0.1657755165045664,178.5115005493164,179.2061159769694,0.0248079360627323,58.15302434451408,0.6696506846468537,-0.0794128961964128
SHW,0.59939,0.09191,33.45215,325.153,0.822,0.46,0.032,0.053,0.033,0.0155663547087613,-0.2139421735745709,-0.0336934295208282,338.4649993896484,348.6853332519531,0.0120691605060693,53.17079579261419,-0.4253304269251998,-0.9133148578928856
SWKS,0.0789,0.03948,22.435064,20.898,2.325,1.491,0.073,1.545,1.337,0.0316814095747134,-0.47086182544863,-0.0295334620134661,74.80699996948242,75.43668378194174,-0.0762896720586242,36.55121755400731,-1.1797362681041932,-0.324574694940942
SNA,0.18330999,0.10019,17.986372,22.27,4.399,3.222,0.036,0.068,0.057,0.0154329994398656,-0.207662225285154,0.0622914799011138,341.075,335.7800008138021,0.006171641650022,46.51160460593936,1.124528885723521,1.1244868306705371
SOLV,0.37271,0.03208,8.24225,103.028,1.5,0.959,0.007,9.314,9.377,0.0197710520835433,-0.2502380100534794,-0.0235309549310516,70.69450035095215,72.04283345540365,0.0154962629219634,46.04518693368836,-0.7716679797364918,-0.8382165880460147
SO,0.11429,0.03457,22.577116,192.679,0.755,0.433,0.075,0.108,0.115,0.0110841638485577,-0.0978382616438653,0.0780547646722027,95.10750160217285,94.03916714986164,-0.0457114254155011,22.631591980035083,-1.1141409910917162,-0.4718473695178742
STLD,0.12550999,0.05547,20.189402,42.166,3.107,1.294,0.112,0.337,0.27,0.0233085050796349,-0.2421196582144849,0.133997674031854,152.3654998779297,141.11224352518718,0.0004232769091639,48.13220394030007,3.01530464629937,3.9744430168409184
LUV,0.04168,0.00712,51.84127,67.618,0.491,0.376,0.012,-0.091,-0.194,0.0260946751550494,-0.3099885106795308,0.0556863952998307,32.16200008392334,32.09312868118286,0.015484104290445,39.99999999999999,-0.215781133516586,-0.297409412014332
STE,0.101339996,0.06434,37.769672,29.314,2.37,1.425,0.099,0.286,0.279,0.0146168602210712,-0.1220322125841101,0.1478300858330405,243.26449966430664,244.7820854187012,0.0852796447074939,80.3591209591621,3.72128210871233,0.6783484420967254
SWK,0.04918,0.02863,23.427586,78.538,1.109,0.288,0.001,-0.434,-0.436,0.028048657360303,-0.3846716413772728,-0.0571650277137429,68.84000015258789,72.68607889811197,-0.0130737610282792,41.47196553223954,-1.0631907592502188,-1.1078877475355582
SMCI,0.12787,0.04587,31.645668,79.184,5.394,2.87,-0.155,-0.616,-0.603,0.0645109948177504,-0.5102074650807994,0.0334275972605588,49.55299968719483,47.49399998982747,-0.1889492284945439,24.06947967994409,-2.346968955697122,-0.7473195529514545
SYK,0.14036,0.07497,46.59055,78.646,1.849,0.942,0.102,0.028,0.03,0.0136514668119751,-0.1544153620352255,-0.0798410814397112,369.768000793457,376.23632558186847,-0.0398844998705634,30.352585681650623,-5.179753428061304,-3.170178797751752
SNPS,0.065019995,0.02305,54.158108,54.828,1.625,1.396,0.14,-0.427,-0.406,0.0359966968921393,-0.3991167375078668,-0.222877252839346,439.5154998779297,493.5050008138021,-0.0881550499925917,25.087651544013653,-20.273373461807186,-16.09151017915294
SYY,0.8346,0.08311,19.994638,690.715,1.148,0.615,0.032,0.0,-0.029,0.0134875604972132,-0.1570584613508724,0.0676876635537904,76.56000022888183,79.12828712463379,-0.025862047961178,30.593192504047465,-1.635467531119872,-1.5133495624594453
TROW,0.1867,0.10049,11.232279,4.09,3.81,3.81,0.06,0.087,0.071,0.0181614572584258,-0.340475461300438,0.0872764547954985,103.35949974060058,104.43886833190918,-0.0034781489993935,44.27131264702839,-0.5140956391693692,-0.4720252558907993
TMUS,0.19034,0.05743,19.852459,200.622,0.893,0.566,0.089,-0.077,-0.113,0.0175934940765187,-0.257915223344382,-0.1263245832800988,217.0394989013672,233.4917734781901,-0.051463000240595,25.282190299173223,-7.500571297787133,-6.745702464302495
TPR,0.16053,0.09236,80.977104,1051.139,1.525,0.788,0.131,0.62,0.473,0.0283047624216973,-0.3177662282103313,0.2793666158445413,111.8745002746582,109.1226542154948,-0.0517946308531228,32.76185017563303,-2.1412590325931973,-0.8763179845299452
TRGP,0.4985,0.08448,22.84097,615.121,0.773,0.52,0.078,0.257,0.235,0.0229945421200074,-0.3161159138786061,0.0125747702160257,154.9498634338379,160.6536087036133,0.093773121006366,74.79433008528362,2.098934011437109,-0.5539752709703851
TEL,0.14618,0.088240005,40.22078,44.729,1.556,0.91,0.167,1.444,1.402,0.01823944536373,-0.2195744887251227,0.5378401400812469,236.00649871826167,220.4237091064453,0.0498015768735471,74.41278260879511,7.075488031844344,6.809518773059656
TGT,0.26319,0.06138,10.574593,132.309,0.99,0.226,-0.009,-0.202,-0.216,0.0251987899469056,-0.4326172403848846,-0.0638568114149966,92.4185001373291,92.02433280944824,-0.0182701166745455,40.47742537283887,-0.0550518364797056,0.331840445480282
TDY,0.08127,0.04685,30.171116,23.989,1.787,1.031,0.067,-0.161,-0.158,0.0144521914921233,-0.1605504856967241,0.0547073225292145,535.7405059814453,551.6629994710287,-0.0291008079346584,24.83569221317488,-13.77390765278892,-12.170131727929672
TER,0.15767999,0.08334,66.93818,9.89,1.759,0.896,0.043,-0.157,-0.179,0.0364194473806534,-0.5140546669555843,1.173682066844163,159.41450042724608,136.5776454925537,0.1547255822883282,74.56298613814178,13.53216600503066,11.38154581120622
TSLA,0.06791,0.0235,304.95206,17.082,2.066,1.486,0.116,-0.371,-0.368,0.0415177514147706,-0.537656801185852,0.3327446380250092,445.5325012207031,408.9308334350586,-0.0006789408933045,50.66904203242206,6.399712863749414,9.398426501633706
TMO,0.13116999,0.04942,33.334293,69.75,1.498,0.946,0.049,0.005,-0.009,0.020506998255525,-0.3555808561595266,0.3462295728417672,557.9334991455078,515.17236328125,0.03300837190926,65.14347563431332,14.53329263088267,15.503995197700023
TPL,0.3937,0.27351,47.98938,1.292,10.857,9.714,0.17,0.138,0.137,0.0330136301221079,-0.5041169747295453,-0.2768247300561685,937.6080017089844,926.307450358073,0.0599952043285117,63.917207870002855,11.694130422707872,4.174643366931544
TXT,0.11465,0.043670002,17.956236,55.332,1.838,0.693,0.051,0.105,0.049,0.0177637571017085,-0.306247997922942,0.0729359826658644,81.15699996948243,82.0116138458252,0.0111265521082701,45.97315500676214,-0.4756131055562349,-0.6411707594742366
TXN,0.29757,0.10697,29.249546,84.477,4.45,2.806,0.142,0.007,0.001,0.0250514090435492,-0.3106177409500386,-0.1329206954516235,166.97221984863282,179.55832748413087,-0.0382831229253161,23.985299667336463,-4.820853691584205,-4.756633826509918
TKO,0.08129,0.03032,68.12547,42.785,1.456,0.982,-0.273,0.65,0.772,0.020960302297912,-0.2111871640753617,0.0959571588575696,186.73550186157223,191.4674275716146,-0.040514543925532,29.00892710675045,-2.5595174683775213,-1.9543232309582856
TTD,0.16783,0.05764,49.15909,14.456,1.71,1.644,0.177,0.211,0.227,0.0473633326207829,-0.6917783550060057,-0.4463783125232011,49.94274978637695,50.18891665140788,-0.1338082403037132,21.064052348762843,-1.7628557642756846,-0.8427597852016542
TJX,0.59755003,0.1276,33.345455,147.992,1.174,0.473,0.069,0.146,0.131,0.0113357124190505,-0.1104476442546942,0.1287617940794088,143.14700088500976,140.88300018310548,0.0249603576295919,58.89804138336239,0.8052587492115038,0.5580102193785972
TSCO,0.45459,0.090100005,26.79227,222.382,1.301,0.066,0.072,0.088,0.074,0.0175767633533517,-0.1694884798598787,0.0690713095307427,54.78950004577637,57.40306402842204,0.0122377287278783,53.37242997153705,-0.6408354624446133,-0.7560709852675537
TT,0.3721,0.114209995,33.1422,55.305,1.205,0.796,0.055,0.114,0.098,0.0176716801996617,-0.2443564734779657,0.0321630315766465,428.3610015869141,419.7148010253906,0.0119968867241599,55.72800051727223,4.974681590503906,4.767234508176873
TRMB,0.06131,0.03812,54.58904,24.038,1.004,0.619,0.029,1.875,1.746,0.0184900359081141,-0.2886824048080646,0.1185964483963815,79.36350021362304,80.21416676839193,0.0042399432196588,50.20744996413234,-0.1325131069995677,-0.156327685252981
TRV,0.19809,0.034560002,11.113342,29.318,0.338,0.205,0.048,0.52,0.498,0.0144377271441282,-0.1247175198589713,0.0746626637903251,270.8400039672852,273.6873423258464,0.0426451429329748,73.01590035447748,1.3849093040252,-0.2193541828860701
TSN,0.04434,0.03413,24.5,49.085,1.733,0.703,0.04,-0.685,-0.681,0.0141773210947604,-0.1928245099238497,-0.0087891489563201,52.15900020599365,53.99311243693034,0.0333787325870789,59.06434209657471,-0.2282089949760788,-0.5001242006297696
TYL,0.091680005,0.045840003,64.69081,17.86,1.028,0.976,0.097,0.109,0.112,0.0172662011516333,-0.2874880098390091,-0.1819654438673802,490.99549865722656,521.8469975789388,-0.0540035249679741,16.408495902688713,-14.970040860246456,-12.62609599564905
UBER,0.72994006,0.051609997,12.110682,45.755,1.154,0.98,0.204,1.585,1.537,0.0245143631924498,-0.2070192116753986,0.0259485087411965,94.357999420166,95.38549995422365,-0.0027342774076426,52.52001772405458,-0.4688211578699395,-0.2363309661133927
UDR,0.03649,0.02016,78.568184,144.858,0.159,0.002,0.066,0.976,0.788,0.0143942147626657,-0.2465567486869316,-0.1510594615983578,35.187500190734866,36.615129216512045,-0.017548859468944,30.7984407578642,-0.6410862997248046,-0.6323249908161552
UAL,0.25588,0.04435,9.633266,218.897,0.667,0.581,0.026,0.0,-0.017,0.0355905267233645,-0.4919471296473158,0.1639225322718314,97.35500030517578,100.55016682942708,-0.0124801079730749,44.13589290270349,-1.0732675489923622,-1.186953664264144
UNP,0.41619,0.09198,19.005095,189.829,0.748,0.527,0.025,0.095,0.07,0.0143449592091294,-0.1768923205369754,-0.0070401598459471,221.52299957275392,223.7550392150879,0.0106400026841658,45.720735427180216,-1.6086684836789118,-1.9188990091517524
ULTA,0.48521,0.15983,19.837173,87.863,1.395,0.212,0.093,0.091,0.033,0.0241335194732362,-0.2952421343250845,0.2530868296624959,521.9369934082031,529.3259963989258,-0.0103020018077239,44.41528238960684,-5.6071886391147245,-5.30647943499956
UPS,0.33618,0.07276,14.383307,184.32,1.305,1.174,-0.037,-0.141,-0.148,0.0206357400434266,-0.3692890375112442,-0.0343906443185242,90.69049987792968,87.09500033060709,0.0261272976094898,60.1874518499266,2.314597768184015,2.1635299783596453
URI,0.28781,0.08681,21.995626,169.022,0.898,0.734,0.059,0.02,-0.01,0.0229924890681658,-0.3663831317298377,0.1889043788721007,915.380499267578,938.9303344726562,-0.0664756022434291,11.588871763675868,-31.04734740248375,-24.12937919272785
VTR,0.021559998,0.021370001,143.33963,100.11,0.524,0.411,0.218,2.016,2.432,0.0142685574437533,-0.1115430391576481,0.2011390479779389,72.0060001373291,69.35471674601237,0.055050982915506,74.55009861971624,1.817482495101288,1.390163291808708
UHS,0.20028,0.08218,10.591817,70.037,1.031,0.854,0.134,0.542,0.442,0.0205875397807531,-0.24574297932333,0.1610549820191242,215.3404998779297,199.59033177693684,0.0338974763960175,65.15499677363783,6.987857132197377,6.512806034718663
VLO,0.052389998,0.03586,37.251556,39.561,1.596,1.002,-0.032,2.096,2.008,0.0232592218812142,-0.2678509178271081,0.3483616463397481,167.84550018310546,161.55566635131837,0.0675293200014942,74.62751867740015,3.629134760652903,2.7906849344834264
UNH,0.17476,0.05361,16.757685,75.734,0.823,0.745,0.122,-0.602,-0.612,0.0304580453762676,-0.6072630402757191,0.0466505202395504,349.18699951171874,338.52321166992186,-0.0790608269438926,15.719404402809316,-6.635988737884134,-1.5520842095658387
VLTO,0.37978,0.11594,26.920547,100.772,1.568,1.301,0.068,0.08,0.091,0.0131422640784155,-0.2117438138451344,-0.0177542172100256,101.43550071716308,104.55299428304036,-0.0313055937860157,27.16763624863131,-1.6010767634783178,-1.3196973699008523
VRSK,2.68133,0.15722,32.760002,1295.046,1.193,1.143,0.059,0.045,0.025,0.015686587312665,-0.3506466434239736,-0.2916659602903131,226.4174987792969,246.45893783569332,-0.0595249766937314,29.780106568114302,-8.765440231717463,-8.138280577391601
VRTX,0.22307,0.12039,29.641098,10.594,2.362,1.84,0.11,0.047,0.036,0.0222520671664639,-0.2865540299406798,-0.0249999717429831,418.9095031738281,402.8929982503256,0.0054677896200714,45.01869492343626,3.169899756471807,4.556071470961479
VZ,0.19875,0.05175,8.496801,164.799,0.739,0.574,0.015,0.5,0.497,0.0133898737676202,-0.1331537581194204,-0.0342221950212479,39.77999973297119,41.74940980275472,0.0017596465967767,46.80850488200139,-0.4322902940338338,-0.5883766459523139
VICI,0.10357001,0.05009,11.570342,62.925,37.05,37.048,0.044,0.014,0.04,0.0119009473391702,-0.1226455574946371,-0.002712926607709,30.594000244140624,31.792048931121823,-0.0053605261703641,40.45225275739038,-0.433698160825184,-0.4686086105323894
VST,0.1731,0.03592,67.00356,335.784,0.995,0.35,-0.209,-0.667,-0.655,0.0423787651412036,-0.4880427643634137,0.2175585279000687,194.34400024414063,197.98198267618812,-0.0312024114828653,51.14852190648483,-3.4921047845127475,-2.9880015571500467
V,0.52068,0.17261,32.764187,68.807,1.078,0.757,0.115,0.12,-0.043,0.0137257666450576,-0.1500924377026953,-0.0581255089275091,342.4259979248047,343.9526641845703,-0.0221244644600633,30.43068609431259,-2.100913227421586,-1.0542004647918954
VMC,0.13520999,0.06404,34.53302,56.296,2.231,1.353,0.144,0.808,0.806,0.0148521680149893,-0.2392464614129571,0.0940695539010865,293.334001159668,295.2959996541341,-0.0016841035128023,43.22542181302893,-2.459669611536185,-2.0651725547143744
WRB,0.20887,0.03825,15.932772,31.481,0.399,0.243,0.108,0.407,0.398,0.0138846683485657,-0.1184714640936182,0.0678777266306069,74.22050018310547,73.91506932576497,0.0218200652217349,54.34780548368448,-0.100278578602257,-0.2947753380099957
GWW,0.46719003,0.18964,26.594625,68.67,2.717,1.461,0.061,-0.38,-0.395,0.0143825529388059,-0.2427878301908307,-0.1070406924948513,962.4229919433594,977.9776641845704,-0.0129495763038011,40.483350182868605,-3.620604633176299,-2.8370047113549086
DIS,0.1146,0.04524,17.592476,37.152,0.722,0.569,0.021,1.042,1.008,0.0185422529322986,-0.3020228582041259,0.0120186632443655,111.7294994354248,114.01883290608724,0.0045690567927387,41.15118579989631,-0.4546459112620482,-0.5380979844809131
WAB,0.11147001,0.05862,30.567686,51.131,1.424,0.664,0.084,0.11,0.095,0.0178395844314983,-0.235543844485252,0.0327911737994797,200.29800033569336,195.89149907430013,0.0484378258796712,69.19387070730343,3.0888909681406176,2.253379554891545
WM,0.29328,0.07051,31.619873,245.399,0.843,0.731,0.149,-0.207,-0.207,0.0116355557105165,-0.1813542021311609,-0.0920004895925979,207.6979995727539,216.13975982666017,-0.0348005198264747,30.005555957547912,-4.831377456912463,-4.39483693062476
WAT,0.32987,0.11534,34.57943,66.042,1.534,0.965,0.08,-0.077,-0.078,0.0232992042980393,-0.3344516822442004,0.0488831230783601,351.46300201416017,320.0980016072591,0.0714356992519145,69.17250302714608,13.20948408668886,11.62654805465044
WMT,0.23375,0.06994,38.649055,68.719,0.792,0.193,0.048,0.573,0.561,0.0153890136151709,-0.2192802959264891,0.0707052274069204,104.47049980163574,102.2988333384196,-0.0196275660266183,31.113271681245465,-0.448320932047821,-0.0967197225611452
WEC,0.12807,0.03056,21.291666,151.448,0.498,0.261,0.129,0.093,0.13,0.0107650469912365,-0.0952659742910989,0.1039634866995342,114.5615005493164,111.68433354695638,-0.0186930371032388,35.3521123733629,-0.4428038875213502,0.0562547848967001
WELL,0.0275,0.02001,131.76552,46.211,6.991,4.094,0.306,-0.437,-0.376,0.0136022536692046,-0.1298610533060893,0.3270530290954598,179.74500045776367,172.61466700236002,0.0629502743999206,79.25845843602957,4.515540014235995,3.3909510144766792
WMB,0.16902,0.04537,31.398964,188.338,0.422,0.254,0.083,-0.085,-0.084,0.0173640230850938,-0.1236042900196805,0.0612695277074741,59.70149955749512,59.76013940175374,0.015049855083802,43.958326545025486,-0.7154272327082296,-0.8103125472652876
WDAY,0.06656,0.02815,106.52803,41.169,2.105,1.993,0.126,0.714,0.727,0.0223923320621733,-0.2480797453928441,-0.1557291663723445,235.5199989318848,233.53249994913736,-0.0320567159707112,29.254568964129675,-2.0360184178406087,-0.5020664687266965
WSM,0.51219004,0.17455,21.675947,64.858,1.503,0.624,0.027,0.198,0.142,0.031633998361155,-0.3678747279004738,0.1241574160998328,192.39534530639648,194.9010129292806,0.0117188312768029,53.899070601455634,0.7456903291758579,0.2826370832399287
WY,0.03419,0.019270001,49.304348,58.233,1.227,0.58,0.021,1.859,1.857,0.0173957258641775,-0.2868090899029463,-0.1363458877902439,23.34349994659424,24.50908810297648,-0.0284233145387978,36.553533776024366,-0.4518236887590667,-0.4249034542924307
XEL,0.09449001,0.02236,24.512196,167.891,0.795,0.478,0.074,-0.272,-0.232,0.012608357438302,-0.1237653672375749,0.1960758564988951,80.85850067138672,76.94431050618489,-0.0056703889102665,48.10128263165837,0.6511435917706621,0.9108150431118004
WST,0.16945,0.10222,40.81037,9.93,2.87,2.016,0.077,0.038,0.029,0.0356002726256861,-0.4523498375927408,0.2771525045788938,279.31050262451174,263.3788340250651,-0.0137499355295334,47.98767265226909,3.184094992702171,5.245684470929408
XYL,0.08555,0.047989998,39.03101,18.253,1.957,1.32,0.078,0.045,0.046,0.0155475339508006,-0.2185776642018954,0.1971376219703586,148.81750030517577,145.0293212890625,0.0150016143397376,62.71411842164781,1.5248945023549538,1.5343915841959146
ZBRA,0.14286,0.06394,26.299698,62.984,1.607,1.132,0.052,-0.254,-0.263,0.0282802053946344,-0.492911589099794,-0.1380712987824054,283.2229995727539,300.27183430989584,-0.0797710451623747,28.62903537366725,-11.35060920909467,-8.941578797307695
ZBH,0.06421,0.043330003,22.01737,64.523,2.428,1.209,0.097,-0.057,-0.073,0.0193213290997913,-0.2225488959315393,-0.0852612947236101,98.78150024414064,100.66502736409504,-0.1017548514890393,24.80146374098416,-2.5362368923992022,-0.9680049711044272
ZTS,0.49868,0.15089,20.166666,135.05,3.643,2.006,0.005,0.085,0.057,0.0178434980025457,-0.322585397382221,-0.2481201945362811,138.54555969238282,145.00309982299805,-0.1353746653339093,12.262010461147312,-6.135027823942693,-3.347659618710725
